,0,1,2,3,4,5,6,7,8,9,10,11,12,13,14,15,16,17,18,19,20,21,22,23,24,25,26,27,28,29,30,31,32,33,34,35,36,37,38,39,40,41,42,43,44,45,46,47,48,49,50,51,52,53,truth,prediction
0,0.0,19.7100887298584,0.0,13.366264343261719,12.89622974395752,5.483170986175537,0.0,0.0,0.0,0.0,0.43162503838539124,0.0,10.787864685058594,0.0,28.01774024963379,0.0,0.0,0.0,1.7365130186080933,0.0,0.0,0.0,0.0,0.0,22.905624389648438,0.0,15.163727760314941,0.0,0.0,0.7539330124855042,0.0,0.0,0.0,0.0,0.0,0.0,0.0,8.239253044128418,0.0,0.0,0.0,0.0,0.0,0.0,32.73617172241211,0.0,13.678590774536133,0.0,0.0,23.23366928100586,0.0,0.0,32.860050201416016,0.0,5,5
1,0.0,0.0,0.0,16.166322708129883,0.0,8.982243537902832,0.0,0.0,0.0,0.0,0.0,8.368842124938965,0.0,2.306462287902832,17.80988883972168,0.0,0.0,0.0,7.36234188079834,0.0,0.0,0.0,0.0,0.0,5.371487617492676,0.0,12.204405784606934,0.0,0.0,0.0,0.0,0.0,0.0,0.0,0.0,0.0,0.0,9.643754959106445,0.0,0.0,0.0,0.0,0.0,0.0,15.209789276123047,0.0,8.59742546081543,0.0,0.0,9.843963623046875,0.0,0.0,7.47792387008667,0.0,4,4
2,0.0,0.0,0.0,29.766443252563477,0.0,0.0,0.0,0.0,0.0,0.0,0.0,1.3158555030822754,0.0,0.0,0.0,0.0,0.0,0.0,0.0,0.0,0.0,0.0,0.0,0.0,10.470409393310547,0.0,29.53192138671875,25.789169311523438,0.0,0.0,0.0,0.0,0.0,0.0,0.0,0.0,0.0,53.22477722167969,0.0,0.0,0.0,0.0,0.0,0.0,2.8950130939483643,0.0,10.674484252929688,0.0,0.0,31.456003189086914,0.0,0.0,8.098355293273926,1.7147507667541504,7,7
3,0.0,0.0,0.0,13.11857795715332,18.844722747802734,0.0,38.7292594909668,0.0,0.0,0.9130614995956421,0.0,11.35371208190918,0.0,0.0,23.64346694946289,0.0,27.788217544555664,0.0,0.0,0.0,0.0,0.0,0.0,0.0,40.3690071105957,0.0,22.042451858520508,58.070709228515625,15.490352630615234,15.168853759765625,0.0,25.502830505371094,0.0,0.0,0.0,0.0,0.0,72.98858642578125,0.0,0.0,0.0,0.0,0.0,0.0,8.571221351623535,0.0,39.92177200317383,0.0,0.0,48.23415756225586,0.0,0.0,51.59975051879883,0.0,3,3
4,0.0,0.0,0.0,13.758734703063965,15.858454704284668,0.0,26.954265594482422,0.0,0.0,1.6003087759017944,0.0,7.065704822540283,0.0,0.0,12.823087692260742,0.0,27.35183334350586,0.0,0.0,0.0,0.0,0.0,0.0,0.0,9.127069473266602,0.0,26.53688621520996,29.071130752563477,0.0059027764946222305,0.0,0.0,0.0,0.0,0.0,0.0,0.0,0.0,32.46873092651367,0.0,0.0,0.0,0.0,0.0,0.0,0.6181718111038208,0.0,19.333248138427734,0.0,0.0,22.14760398864746,0.0,0.0,23.637277603149414,17.776329040527344,2,2
5,0.0,0.278439998626709,0.0,8.531150817871094,0.0,0.0,0.0,0.0,0.0,0.0,0.0,0.0,0.0,0.0,17.1940975189209,0.0,7.635725498199463,0.0,0.0,0.0,0.0,0.0,0.0,0.0,15.567891120910645,0.0,21.141019821166992,22.31148910522461,0.0,0.746885359287262,0.0,6.703291893005371,0.0,0.0,0.0,0.0,0.0,42.26191711425781,0.0,0.0,0.0,0.0,0.0,0.0,17.9796199798584,0.0,24.876441955566406,0.0,0.0,22.54067039489746,0.0,0.0,30.651752471923828,0.0,6,6
6,0.0,0.0,0.0,12.442289352416992,22.081764221191406,0.0,39.711971282958984,0.0,0.0,1.555029273033142,0.0,11.936137199401855,0.0,0.0,26.578500747680664,0.0,29.084651947021484,0.0,0.0,0.0,0.0,0.0,0.0,0.0,44.075218200683594,0.0,23.927968978881836,60.18024444580078,15.4365816116333,15.182123184204102,0.0,25.154150009155273,0.0,0.0,0.0,0.0,0.0,76.93828582763672,0.0,0.0,0.0,0.0,0.0,0.0,9.580336570739746,0.0,43.156036376953125,0.0,0.0,51.8045654296875,0.0,0.0,56.549137115478516,0.0,3,3
7,0.0,0.0,0.0,28.719314575195312,0.0,0.0,0.0,0.0,0.0,0.0,0.0,1.0500178337097168,0.0,0.0,0.0,0.0,0.0,0.0,0.0,0.0,0.0,0.0,0.0,0.0,12.568625450134277,0.0,27.834728240966797,24.977474212646484,0.0,0.0,0.0,0.0,0.0,0.0,0.0,0.0,0.0,53.66682815551758,0.0,0.0,0.0,0.0,0.0,0.0,3.2582895755767822,0.0,9.823087692260742,0.0,0.0,30.707996368408203,0.0,0.0,10.421411514282227,0.14823299646377563,7,7
8,0.0,0.0,0.0,40.13964080810547,0.0,0.0,0.0,0.0,0.0,0.0,0.0,6.960056781768799,0.0,0.0,0.0,0.0,0.0,0.0,0.0,0.0,0.0,0.0,0.0,0.0,5.925893783569336,0.0,35.10227584838867,28.217723846435547,0.0,0.0,0.0,0.0,0.0,0.0,0.0,0.0,0.0,52.591861724853516,0.0,0.0,0.0,0.0,0.0,0.0,5.650380611419678,0.0,13.364007949829102,0.0,0.0,44.9168701171875,0.0,0.0,2.6026129722595215,6.717818737030029,7,7
9,0.0,0.0,0.0,30.920860290527344,0.0,21.144636154174805,0.0,0.0,0.0,0.0,0.0,19.510740280151367,0.0,0.0,36.82415008544922,0.0,0.0,0.0,25.740949630737305,0.0,0.0,0.0,0.0,0.0,14.27682113647461,0.0,31.399599075317383,0.0,0.0,0.6424713730812073,0.0,0.0,0.0,0.0,0.0,0.0,0.0,20.045907974243164,0.0,0.0,0.0,0.0,0.0,0.0,28.893253326416016,0.0,11.557636260986328,0.0,0.0,18.564632415771484,0.0,0.0,12.940594673156738,0.0,4,4
10,0.0,0.0,0.0,29.39035415649414,0.0,5.753260135650635,0.0,0.0,0.0,0.0,0.0,32.85454177856445,0.0,0.0,30.307680130004883,0.0,0.0,0.0,20.268739700317383,0.0,0.0,0.0,0.0,0.0,8.46285629272461,0.0,23.318496704101562,0.0,0.0,3.372100830078125,0.0,0.0,0.0,0.0,0.0,0.0,0.0,16.914716720581055,0.0,0.0,0.0,0.0,0.0,0.0,28.626392364501953,0.0,16.882986068725586,0.0,0.0,24.612667083740234,0.0,0.0,4.136428356170654,0.0,0,0
11,0.0,0.0,0.0,20.864004135131836,0.0,0.0,14.080107688903809,0.0,0.0,0.0,0.0,3.8250393867492676,0.0,0.0,0.0,0.0,18.100269317626953,0.0,0.0,0.0,0.0,0.0,0.0,0.0,20.401479721069336,0.0,28.60981559753418,37.98162841796875,3.7347452640533447,0.0,0.0,0.0,0.0,0.0,0.0,0.0,0.0,56.69746398925781,0.0,0.0,0.0,0.0,0.0,0.0,0.0,0.0,19.2194766998291,0.0,0.0,30.358489990234375,0.0,0.0,26.22141456604004,6.778357982635498,7,7
12,0.0,0.0,0.0,26.34002685546875,0.0,0.0,0.0,0.0,0.0,0.0,0.0,0.0,0.0,0.0,0.0,0.0,0.0,0.0,0.0,0.0,0.0,0.0,0.0,0.0,10.773168563842773,0.0,31.856403350830078,25.691246032714844,0.0,0.0,0.0,0.0,0.0,0.0,0.0,0.0,0.0,52.24455642700195,0.0,0.0,0.0,0.0,0.0,0.0,8.484490394592285,0.0,16.646846771240234,0.0,0.0,35.37343215942383,0.0,0.0,18.988168716430664,0.7647491097450256,7,7
13,0.0,4.240069389343262,0.0,13.115897178649902,0.0,5.279078483581543,0.0,0.0,0.0,0.0,0.0,0.0,1.559735655784607,0.0,14.947587013244629,0.0,0.0,0.0,0.0,0.0,0.0,0.0,0.0,0.0,5.295989513397217,0.0,11.545926094055176,0.0,0.0,0.0,0.0,0.0,0.0,0.0,0.0,0.0,0.0,5.3065948486328125,0.0,0.0,0.0,0.0,0.0,0.0,17.617324829101562,0.0,9.599282264709473,0.0,0.0,18.93669319152832,0.0,0.0,14.824524879455566,0.0,5,5
14,0.0,0.0,0.0,8.237123489379883,0.6620391607284546,0.0,2.991892099380493,0.0,0.0,0.0,3.635056734085083,0.0,2.906450033187866,6.317535877227783,8.42912769317627,0.0,0.0,0.0,0.0,0.0,0.0,0.0,0.0,0.0,0.0,0.0,4.313655853271484,1.6232521533966064,0.0,0.0,0.0,0.0,0.0,0.0,0.0,0.0,0.0,2.266788959503174,0.0,0.0,0.0,0.0,0.0,0.0,10.601036071777344,0.0,13.814224243164062,0.0,0.0,20.37238311767578,0.0,0.0,4.365332126617432,0.0,1,1
15,0.0,0.0,0.0,27.681859970092773,0.0,4.903173923492432,0.0,0.0,0.0,0.0,0.0,31.221975326538086,0.0,0.388089120388031,28.522525787353516,0.0,0.0,0.0,18.394262313842773,0.0,0.0,0.0,0.0,0.0,7.902864456176758,0.0,21.859373092651367,0.0,0.0,2.3412227630615234,0.0,0.0,0.0,0.0,0.0,0.0,0.0,15.306137084960938,0.0,0.0,0.0,0.0,0.0,0.0,27.038394927978516,0.0,16.36042022705078,0.0,0.0,23.57630157470703,0.0,0.0,3.6298441886901855,0.0,0,0
16,0.0,3.5551724433898926,0.0,6.121966361999512,31.893592834472656,1.8200716972351074,0.0,0.0,0.0,0.0,4.365784645080566,0.0,10.445560455322266,0.24963466823101044,26.634599685668945,0.0,1.1016783714294434,0.0,2.05446720123291,0.0,0.0,0.0,0.0,0.0,25.235797882080078,0.0,20.358333587646484,4.063394069671631,0.0,0.0,0.0,0.0,0.0,0.0,0.0,0.0,0.0,24.42351722717285,0.0,0.0,0.0,0.0,0.0,0.0,29.444507598876953,0.0,21.237701416015625,0.0,0.0,32.72555160522461,0.0,0.0,49.059906005859375,0.0,5,5
17,0.0,0.0,0.0,13.526222229003906,19.156288146972656,0.0,39.025386810302734,0.0,0.0,0.42134416103363037,0.0,11.688822746276855,0.0,0.0,23.744216918945312,0.0,27.875497817993164,0.0,0.0,0.0,0.0,0.0,0.0,0.0,42.248817443847656,0.0,22.79947853088379,58.8507080078125,15.410987854003906,16.10133934020996,0.0,25.36368179321289,0.0,0.0,0.0,0.0,0.0,74.40325927734375,0.0,0.0,0.0,0.0,0.0,0.0,9.01701831817627,0.0,41.50788116455078,0.0,0.0,50.099674224853516,0.0,0.0,53.16728591918945,0.0,3,3
18,0.0,0.0,0.0,20.543298721313477,0.0,0.0,0.0,0.0,0.0,0.0,0.0,0.7551483511924744,0.0,0.0,0.0,0.0,0.06465627998113632,0.0,0.0,0.0,0.0,0.0,0.0,0.0,12.723283767700195,0.0,28.42490005493164,25.147985458374023,0.0,0.0,0.0,0.0,0.0,0.0,0.0,0.0,0.0,48.20131301879883,0.0,0.0,0.0,0.0,0.0,0.0,4.639382362365723,0.0,15.179530143737793,0.0,0.0,26.33346176147461,0.0,0.0,17.28411293029785,2.6449484825134277,7,7
19,0.0,0.0,0.0,7.639373779296875,0.0,0.0,0.0,0.0,0.0,0.0,0.0,0.0,0.0,0.0,16.84273910522461,0.0,7.484434127807617,0.0,0.0,0.0,0.0,0.0,0.0,0.0,15.442488670349121,0.0,19.593196868896484,20.611106872558594,0.0,0.0,0.0,6.777215957641602,0.0,0.0,0.0,0.0,0.0,40.279483795166016,0.0,0.0,0.0,0.0,0.0,0.0,17.19974136352539,0.0,22.72317123413086,0.0,0.0,18.506317138671875,0.0,0.0,30.141164779663086,0.0,6,6
20,0.0,0.0,0.0,13.843328475952148,15.502450942993164,0.0,27.96317481994629,0.0,0.0,1.4844468832015991,0.0,6.756506443023682,0.0,0.0,12.727716445922852,0.0,27.4852352142334,0.0,0.0,0.0,0.0,0.0,0.0,0.0,8.667823791503906,0.0,25.62909698486328,29.574087142944336,0.41828107833862305,0.0,0.0,0.0,0.0,0.0,0.0,0.0,0.0,31.918813705444336,0.0,0.0,0.0,0.0,0.0,0.0,0.4832516610622406,0.0,18.689008712768555,0.0,0.0,21.927528381347656,0.0,0.0,22.98995018005371,17.24238395690918,2,2
21,0.0,3.9462826251983643,0.0,13.05948257446289,0.0,3.0734782218933105,0.0,0.0,0.0,0.0,0.0,0.0,3.0070602893829346,0.0,15.657858848571777,0.0,0.0,0.0,0.0,0.0,0.0,0.0,0.0,0.0,5.613877296447754,0.0,12.37685489654541,0.0,0.0,0.0,0.0,0.0,0.0,0.0,0.0,0.0,0.0,5.835017681121826,0.0,0.0,0.0,0.0,0.0,0.0,18.61431121826172,0.0,11.250420570373535,0.0,0.0,21.276966094970703,0.0,0.0,15.734627723693848,0.0,5,5
22,0.0,0.02426959201693535,0.0,6.819573402404785,0.0,0.0,0.0,0.0,0.0,0.0,0.0,0.0,0.0,0.0,13.41107177734375,0.0,4.631528854370117,0.0,0.0,0.0,0.0,0.0,0.0,0.0,11.002492904663086,0.0,17.202600479125977,17.829612731933594,0.0,0.0,0.0,1.9980409145355225,0.0,0.0,0.0,0.0,0.0,33.39088821411133,0.0,0.0,0.0,0.0,0.0,0.0,14.181465148925781,0.0,18.894289016723633,0.0,0.0,17.180105209350586,0.0,0.0,25.687345504760742,0.0,6,6
23,0.0,0.0,0.0,5.876823425292969,15.186112403869629,0.0,0.0,0.0,0.0,0.0,9.395650863647461,0.0,0.0,0.0,12.605347633361816,0.0,3.347893238067627,0.0,0.0,0.0,0.0,0.0,0.0,0.0,10.742310523986816,0.0,24.33457374572754,15.705187797546387,0.0,0.0,0.0,0.0,0.0,0.0,0.0,0.0,0.0,38.21091079711914,0.0,0.0,0.0,0.0,0.0,0.0,8.80884075164795,0.0,18.242589950561523,0.0,0.0,23.816436767578125,0.0,0.0,25.5461483001709,0.0,6,6
24,0.0,0.0,0.0,29.966293334960938,0.0,24.41104507446289,0.0,0.0,0.0,0.0,0.0,24.575279235839844,0.0,0.0,37.13703918457031,0.0,0.0,2.031550168991089,31.99816131591797,5.60564661026001,0.0,0.0,0.0,0.0,17.4493465423584,0.0,29.033689498901367,0.0,0.0,2.6644515991210938,0.0,0.0,0.0,0.0,0.0,0.0,0.0,29.462108612060547,0.0,0.0,0.0,0.0,0.0,0.0,27.99703598022461,0.0,10.106182098388672,0.0,0.0,12.217268943786621,0.0,0.0,22.905561447143555,0.0,4,4
25,0.0,0.0,0.0,26.91796875,0.0,0.0,0.0,0.0,0.0,0.0,0.0,2.0198111534118652,0.0,0.0,0.0,0.0,0.0,0.0,0.0,0.0,0.0,0.0,0.0,0.0,13.69090747833252,0.0,29.220041275024414,25.326932907104492,0.0,0.0,0.0,0.0,0.0,0.0,0.0,0.0,0.0,51.14120101928711,0.0,0.0,0.0,0.0,0.0,0.0,4.904308319091797,0.0,10.694441795349121,0.0,0.0,28.21087074279785,0.0,0.0,12.432662963867188,0.5614505410194397,7,7
26,0.0,0.0,0.0,28.457433700561523,0.0,5.944366931915283,0.0,0.0,0.0,0.0,0.0,30.85678482055664,0.0,0.0,29.40033531188965,0.0,0.0,0.0,19.356042861938477,0.0,0.0,0.0,0.0,0.0,8.240560531616211,0.0,23.258108139038086,0.0,0.0,2.4091548919677734,0.0,0.0,0.0,0.0,0.0,0.0,0.0,16.51396369934082,0.0,0.0,0.0,0.0,0.0,0.0,27.652679443359375,0.0,15.812410354614258,0.0,0.0,23.130582809448242,0.0,0.0,4.684823513031006,0.0,0,0
27,0.0,0.0,0.0,32.70049285888672,0.0,0.0,0.0,0.0,0.0,0.0,0.0,1.824723720550537,0.0,0.0,0.0,0.0,0.0,0.0,0.0,0.0,0.0,0.0,0.0,0.0,14.546663284301758,0.0,32.11150360107422,26.58111000061035,0.0,0.0,0.0,0.0,0.0,0.0,0.0,0.0,0.0,57.996124267578125,0.0,0.0,0.0,0.0,0.0,0.0,3.9845452308654785,0.0,10.69189167022705,0.0,0.0,32.870113372802734,0.0,0.0,10.091819763183594,1.4139294624328613,7,7
28,0.0,0.0,0.0,12.439661026000977,19.405452728271484,0.0,35.45478439331055,0.0,0.0,0.0,0.0,10.477547645568848,0.0,0.0,24.00957679748535,0.0,25.487964630126953,0.0,0.0,0.0,0.0,0.0,0.0,0.0,40.70409393310547,0.0,21.341577529907227,55.80327224731445,13.762611389160156,14.615337371826172,0.0,24.573713302612305,0.0,0.0,0.0,0.0,0.0,71.98069763183594,0.0,0.0,0.0,0.0,0.0,0.0,10.321495056152344,0.0,39.766944885253906,0.0,0.0,48.34388732910156,0.0,0.0,51.411380767822266,0.0,3,3
29,0.0,0.0,0.0,24.639509201049805,0.0,0.0,0.0,0.0,0.0,0.0,0.0,3.201594829559326,0.0,0.0,0.0,0.0,0.0,0.0,0.0,0.0,0.0,0.0,0.0,0.0,12.414918899536133,0.0,27.901926040649414,23.720806121826172,0.0,0.0,0.0,0.0,0.0,0.0,0.0,0.0,0.0,44.742069244384766,0.0,0.0,0.0,0.0,0.0,0.0,4.4011101722717285,0.0,10.873642921447754,0.0,0.0,25.356698989868164,0.0,0.0,9.647717475891113,3.23170804977417,7,7
30,0.0,0.0,0.0,11.318000793457031,6.1850433349609375,0.0,10.276473999023438,0.0,0.0,0.0,0.0,4.3027472496032715,0.0,0.0,8.61001205444336,0.0,10.65787124633789,0.0,0.0,0.0,0.0,0.0,0.0,0.0,7.8076372146606445,0.0,19.980775833129883,23.84585189819336,0.0,0.0,0.0,0.0,0.0,0.0,0.0,0.0,0.0,34.5473518371582,0.0,0.0,0.0,0.0,0.0,0.0,3.696767807006836,0.0,13.924378395080566,0.0,0.0,16.49644660949707,0.0,0.0,18.181108474731445,3.957749843597412,6,6
31,0.0,0.0,0.0,31.96733856201172,0.0,21.201343536376953,0.0,0.0,0.0,0.0,0.0,18.794416427612305,0.0,0.0,37.09851837158203,0.0,0.0,0.0,26.07893943786621,0.0,0.0,0.0,0.0,0.0,17.143808364868164,0.0,31.12119483947754,0.0,0.0,1.5980969667434692,0.0,0.0,0.0,0.0,0.0,0.0,0.0,19.956357955932617,0.0,0.0,0.0,0.0,0.0,0.0,28.609514236450195,0.0,12.661711692810059,0.0,0.0,17.797719955444336,0.0,0.0,14.791426658630371,0.0,4,4
32,0.0,0.0,0.0,9.257184982299805,19.763755798339844,0.0,25.604137420654297,0.0,0.0,1.9523347616195679,0.0,6.5245747566223145,0.0,0.0,17.54738998413086,0.0,25.433612823486328,0.0,0.0,0.0,0.0,0.0,0.0,0.0,7.949901103973389,0.0,22.71248435974121,25.70921516418457,0.0,0.0,0.0,0.0,0.0,0.0,0.0,0.0,0.0,27.255264282226562,0.0,0.0,0.0,0.0,0.0,0.0,4.744900226593018,0.0,18.938764572143555,0.0,0.0,21.280107498168945,0.0,0.0,26.526094436645508,14.029086112976074,2,2
33,0.0,0.0,0.0,12.348395347595215,16.968753814697266,0.0,27.104862213134766,0.0,0.0,1.3754361867904663,0.0,6.451576232910156,0.0,0.0,14.817344665527344,0.0,26.894376754760742,0.0,0.0,0.0,0.0,0.0,0.0,0.0,8.350682258605957,0.0,24.993791580200195,27.764995574951172,0.0,0.0,0.0,0.0,0.0,0.0,0.0,0.0,0.0,30.077129364013672,0.0,0.0,0.0,0.0,0.0,0.0,2.470489501953125,0.0,18.973308563232422,0.0,0.0,22.025833129882812,0.0,0.0,23.9332218170166,16.315940856933594,2,2
34,0.0,0.0,0.0,19.70807456970215,0.0,0.0,0.0,0.0,0.0,0.0,0.2572871744632721,0.0,0.0,0.0,0.0,0.0,0.0,0.0,0.0,0.0,0.0,0.0,0.0,0.0,10.272656440734863,0.0,27.64405632019043,19.135698318481445,0.0,0.0,0.0,0.0,0.0,0.0,0.0,0.0,0.0,42.56293487548828,0.0,0.0,0.0,0.0,0.0,0.0,10.289093017578125,0.0,15.643406867980957,0.0,0.0,29.763933181762695,0.0,0.0,19.055448532104492,0.0,7,7
35,0.0,0.0,0.0,25.652118682861328,0.0,0.0,0.0,0.0,0.0,0.0,0.0,3.762768268585205,0.0,0.0,0.0,0.0,0.0,0.0,0.0,0.0,0.0,0.0,0.0,0.0,14.682415962219238,0.0,31.107988357543945,28.88253402709961,0.0,0.0,0.0,0.0,0.0,0.0,0.0,0.0,0.0,50.54402542114258,0.0,0.0,0.0,0.0,0.0,0.0,3.7003426551818848,0.0,13.828935623168945,0.0,0.0,27.190738677978516,0.0,0.0,13.730860710144043,4.2757134437561035,7,7
36,0.0,0.0,0.0,10.256156921386719,0.0,0.0,0.0,0.0,0.0,0.0,0.0,0.0,0.0,0.0,15.642139434814453,0.0,9.463674545288086,0.0,0.0,0.0,0.0,0.0,0.0,0.0,16.316043853759766,0.0,23.336528778076172,25.01752281188965,0.0,2.135183334350586,0.0,7.292617321014404,0.0,0.0,0.0,0.0,0.0,47.780460357666016,0.0,0.0,0.0,0.0,0.0,0.0,16.83148193359375,0.0,26.126781463623047,0.0,0.0,26.234655380249023,0.0,0.0,33.897056579589844,0.0,6,6
37,0.0,0.0,0.0,8.258781433105469,0.0,0.0,0.0,0.0,0.0,0.0,0.0,0.0,0.0,0.0,12.981449127197266,0.0,8.614460945129395,0.0,0.0,0.0,0.0,0.0,0.0,0.0,13.976808547973633,0.0,20.442066192626953,22.65930938720703,0.0,2.6786623001098633,0.0,6.7963337898254395,0.0,0.0,0.0,0.0,0.0,43.23417282104492,0.0,0.0,0.0,0.0,0.0,0.0,14.23728084564209,0.0,22.470163345336914,0.0,0.0,23.135948181152344,0.0,0.0,30.284053802490234,0.0,6,6
38,0.0,0.0,0.0,14.55497932434082,0.0,10.017379760742188,0.0,0.0,0.0,0.0,0.0,8.94293212890625,0.0,0.0,22.404006958007812,0.0,0.0,0.0,20.05571174621582,0.0,0.0,0.0,0.0,0.0,12.966459274291992,0.0,17.57851219177246,0.0,0.0,0.0,0.0,0.0,0.0,0.0,0.0,0.0,0.0,19.05891227722168,0.0,0.0,0.0,0.0,0.0,0.0,19.559890747070312,0.0,6.003124237060547,0.0,0.0,12.331856727600098,0.0,0.0,20.29930877685547,0.0,4,4
39,0.0,0.0,0.0,13.561519622802734,15.935251235961914,0.0,35.05182647705078,0.0,0.0,0.0,0.0,10.56320858001709,0.0,0.0,20.27488136291504,0.0,24.377878189086914,0.0,0.0,0.0,0.0,0.0,0.0,0.0,37.410213470458984,0.0,20.38490104675293,55.018619537353516,13.579726219177246,14.712268829345703,0.0,24.76968002319336,0.0,0.0,0.16119246184825897,0.0,0.0,70.51307678222656,0.0,0.0,0.0,0.0,0.0,0.0,9.448864936828613,0.0,37.57638931274414,0.0,0.0,45.54404830932617,0.0,0.0,47.9050407409668,0.0,3,3
40,0.0,0.0,0.0,24.035198211669922,2.193030595779419,0.0,5.6197829246521,0.0,0.0,0.0,0.7730699777603149,0.0,0.0,0.0,1.6086368560791016,0.0,10.457220077514648,0.0,0.0,0.0,0.0,0.0,0.0,0.0,10.052511215209961,0.0,27.64371681213379,31.681781768798828,0.0,0.0,0.0,0.0,0.0,0.0,0.0,0.0,0.0,53.854469299316406,0.0,0.0,0.0,0.0,0.0,0.0,4.710278511047363,0.0,15.493181228637695,0.0,0.0,41.79902267456055,0.0,0.0,24.49042320251465,0.9550605416297913,7,7
41,0.0,0.0,0.0,5.807303428649902,15.526310920715332,0.0,4.874584674835205,0.0,0.0,0.0,0.0,4.531453609466553,0.0,0.0,17.60420036315918,0.0,8.522836685180664,0.0,0.0,0.0,0.0,0.0,0.0,0.0,12.347593307495117,0.0,19.346267700195312,20.274242401123047,0.0,0.0,0.0,0.0,0.0,0.0,0.0,0.0,0.0,33.3386344909668,0.0,0.0,0.0,0.0,0.0,0.0,11.87876033782959,0.0,18.933521270751953,0.0,0.0,18.852914810180664,0.0,0.0,27.904102325439453,0.6626525521278381,6,6
42,0.0,0.0,0.0,30.06521987915039,0.0,5.26330041885376,0.0,0.0,0.0,0.0,0.0,33.91386413574219,0.0,0.0,30.840017318725586,0.0,0.0,0.0,19.997339248657227,0.0,0.0,0.0,0.0,0.0,9.649349212646484,0.0,22.762975692749023,0.0,0.0,4.2971038818359375,0.0,0.0,0.0,0.0,0.0,0.0,0.0,16.191036224365234,0.0,0.0,0.0,0.0,0.0,0.0,29.203292846679688,0.0,19.160476684570312,0.0,0.0,25.48651885986328,0.0,0.0,3.0095601081848145,0.0,0,0
43,0.0,0.0,0.0,11.835531234741211,0.0,0.4078507423400879,3.2143242359161377,0.0,0.0,0.0,7.21772575378418,2.849214553833008,0.88108891248703,6.184429168701172,12.17965030670166,0.0,0.0,0.0,0.0,0.0,0.0,0.0,0.0,0.0,2.266843557357788,0.0,5.2214484214782715,0.0,0.0,0.0,0.0,0.0,0.0,0.0,0.0,0.0,0.0,1.1660871505737305,0.0,0.0,0.0,0.0,0.0,0.0,13.492606163024902,0.0,19.075807571411133,0.0,0.0,23.992525100708008,0.0,0.0,3.7577452659606934,0.0,1,1
44,0.0,0.0,0.0,9.38115119934082,3.0030219554901123,0.0,0.0,0.0,0.0,0.0,0.0,0.0,0.0,0.0,16.09709358215332,0.0,5.714691162109375,0.0,0.0,0.0,0.0,0.0,0.0,0.0,17.666908264160156,0.0,21.990373611450195,17.561756134033203,0.0,0.0,0.0,0.0,0.0,0.0,0.0,0.0,0.0,38.617733001708984,0.0,0.0,0.0,0.0,0.0,0.0,21.091434478759766,0.0,23.88574981689453,0.0,0.0,27.704450607299805,0.0,0.0,36.00136947631836,0.0,6,6
45,0.0,0.0,0.0,5.010334014892578,17.62579345703125,0.0,0.0,0.0,0.0,0.0,9.910625457763672,0.0,0.0,0.0,14.18321418762207,0.0,5.129213809967041,0.0,0.0,0.0,0.0,0.0,0.0,0.0,10.17777156829834,0.0,22.28745460510254,15.050647735595703,0.0,0.0,0.0,0.0,0.0,0.0,0.0,0.0,0.0,34.9359130859375,0.0,0.0,0.0,0.0,0.0,0.0,9.297320365905762,0.0,18.29629135131836,0.0,0.0,22.8004093170166,0.0,0.0,25.361661911010742,0.0,6,6
46,0.0,0.0,0.0,23.169286727905273,0.0,17.308002471923828,0.0,0.0,0.0,0.0,0.0,20.424402236938477,0.0,0.0,30.119234085083008,0.0,0.0,0.0,25.934919357299805,0.0,0.0,0.0,0.0,0.0,11.18089485168457,0.0,24.243261337280273,0.0,0.0,0.1534767895936966,0.0,0.0,0.0,0.0,0.0,0.0,0.0,22.821762084960938,0.0,0.0,0.0,0.0,0.0,0.0,22.683956146240234,0.0,9.4969482421875,0.0,0.0,12.866238594055176,0.0,0.0,15.272235870361328,0.0,4,4
47,0.0,0.0,0.0,18.017868041992188,9.804561614990234,0.0,25.214670181274414,0.0,0.0,0.0,0.0,6.124070644378662,0.0,0.0,6.596763610839844,0.0,24.15470314025879,0.0,0.0,0.0,0.0,0.0,0.0,0.0,10.250235557556152,0.0,26.600873947143555,30.747882843017578,0.49382591247558594,0.0,0.0,0.0,0.0,0.0,0.0,0.0,0.0,36.85055923461914,0.0,0.0,0.0,0.0,0.0,0.0,0.0,0.0,17.936195373535156,0.0,0.0,23.511720657348633,0.0,0.0,19.4897518157959,17.401891708374023,2,2
48,0.0,9.985422134399414,0.0,9.458732604980469,8.134392738342285,4.537428855895996,0.0,0.0,0.0,0.0,0.0,0.0,4.17924690246582,0.0,20.65903091430664,0.0,0.0,0.0,0.17860975861549377,0.0,0.0,0.0,0.0,0.0,13.977703094482422,0.0,14.705869674682617,0.0,0.0,0.0,0.0,0.0,0.0,0.0,0.0,0.0,0.0,9.760003089904785,0.0,0.0,0.0,0.0,0.0,0.0,23.038015365600586,0.0,10.552942276000977,0.0,0.0,21.15297508239746,0.0,0.0,24.684968948364258,0.0,5,5
49,0.0,0.0,0.0,12.459615707397461,19.829797744750977,0.0,38.477359771728516,0.0,0.0,1.2059415578842163,0.0,11.627796173095703,0.0,0.0,24.3415470123291,0.0,28.054882049560547,0.0,0.0,0.0,0.0,0.0,0.0,0.0,40.792869567871094,0.0,23.099271774291992,58.218170166015625,14.878785133361816,13.9073486328125,0.0,24.36492156982422,0.0,0.0,0.0,0.0,0.0,74.08552551269531,0.0,0.0,0.0,0.0,0.0,0.0,8.458279609680176,0.0,40.407108306884766,0.0,0.0,47.95066452026367,0.0,0.0,52.88656234741211,0.0,3,3
50,0.0,0.0,0.0,29.844242095947266,0.0,0.0,0.0,0.0,0.0,0.0,0.18457402288913727,3.731407642364502,0.0,0.0,0.0,0.0,0.0,0.0,0.0,0.0,0.0,0.0,0.0,0.0,7.876678466796875,0.0,34.89282989501953,27.530786514282227,0.0,0.0,0.0,0.0,0.0,0.0,0.0,0.0,0.0,48.03556442260742,0.0,0.0,0.0,0.0,0.0,0.0,6.434206962585449,0.0,15.305347442626953,0.0,0.0,36.443973541259766,0.0,0.0,7.113320827484131,4.337398529052734,7,7
51,0.0,0.0,0.0,15.237261772155762,0.0,11.071549415588379,0.0,0.0,0.0,0.0,0.0,9.447854995727539,0.0,0.0,23.39665412902832,0.0,0.0,0.0,20.675683975219727,0.0,0.0,0.0,0.0,0.0,13.225842475891113,0.0,18.423267364501953,0.0,0.0,0.0,0.0,0.0,0.0,0.0,0.0,0.0,0.0,19.750659942626953,0.0,0.0,0.0,0.0,0.0,0.0,20.0206298828125,0.0,6.054836750030518,0.0,0.0,12.204139709472656,0.0,0.0,20.825281143188477,0.0,4,4
52,0.0,0.0,0.0,19.012250900268555,7.717907905578613,0.0,24.390499114990234,0.0,0.0,0.0,0.0,5.842993259429932,0.0,0.0,5.0045318603515625,0.0,23.04582977294922,0.0,0.0,0.0,0.0,0.0,0.0,0.0,10.199188232421875,0.0,26.689435958862305,31.001863479614258,0.6680269241333008,0.0,0.0,0.0,0.0,0.0,0.0,0.0,0.0,38.405738830566406,0.0,0.0,0.0,0.0,0.0,0.0,0.0,0.0,17.1330623626709,0.0,0.0,23.757190704345703,0.0,0.0,18.607894897460938,16.679824829101562,2,2
53,0.0,0.0,0.0,11.811715126037598,0.0,5.272979736328125,0.0,0.0,0.0,0.0,0.0,0.0,3.062626600265503,0.0,14.95920181274414,0.0,0.0,0.0,0.0,0.0,0.0,0.0,0.0,0.0,9.908204078674316,0.0,9.686783790588379,1.1073639392852783,0.0,0.0,0.0,0.0,0.0,0.0,0.0,0.0,0.0,6.437224388122559,0.0,0.0,0.0,0.0,0.0,0.0,17.106046676635742,0.0,14.11803913116455,0.0,0.0,18.440847396850586,0.0,0.0,15.239007949829102,0.0,5,5
54,0.0,0.0,0.0,13.41453742980957,19.39615249633789,0.0,38.77273941040039,0.0,0.0,0.9313491582870483,0.0,11.366323471069336,0.0,0.0,24.50811195373535,0.0,27.67156410217285,0.0,0.0,0.0,0.0,0.0,0.0,0.0,41.702388763427734,0.0,22.511714935302734,58.83099365234375,15.279006958007812,15.445322036743164,0.0,25.931217193603516,0.0,0.0,0.0,0.0,0.0,74.25143432617188,0.0,0.0,0.0,0.0,0.0,0.0,9.28824520111084,0.0,40.72692108154297,0.0,0.0,49.81937026977539,0.0,0.0,52.678321838378906,0.0,3,3
55,0.0,0.0,0.0,12.59461784362793,0.0,1.4471840858459473,4.346760272979736,0.0,0.0,0.0,7.00912618637085,6.008568286895752,0.0,6.137589454650879,16.7991886138916,0.0,0.0,0.0,0.0,0.0,0.0,0.0,0.0,0.0,2.9425532817840576,0.0,8.758517265319824,0.0,0.0,0.0,0.0,0.0,0.0,0.0,0.0,0.0,0.0,0.40196871757507324,0.0,0.0,0.0,0.0,0.0,0.0,14.350128173828125,0.0,22.774120330810547,0.0,0.0,24.826709747314453,0.0,0.0,1.6698411703109741,0.0,1,1
56,0.0,0.0,0.0,11.970232009887695,0.0,1.33274507522583,5.394062519073486,0.0,0.0,0.0,6.260243892669678,6.581180572509766,0.0,6.629837989807129,17.446474075317383,0.0,0.0,0.0,0.0,0.0,0.0,0.0,0.0,0.0,1.8896596431732178,0.0,9.364667892456055,0.0,0.48189687728881836,0.0,0.0,0.0,0.0,0.0,0.0,0.0,0.0,0.40099358558654785,0.0,0.0,0.0,0.0,0.0,0.0,14.469893455505371,0.0,23.147565841674805,0.0,0.0,25.168922424316406,0.0,0.0,0.7659734487533569,0.0,1,1
57,0.0,0.0,0.0,6.150572776794434,21.213191986083984,0.0,18.612545013427734,0.0,0.0,0.0,0.0,7.6132307052612305,0.0,0.0,26.975008010864258,0.0,21.341232299804688,0.0,0.0,0.0,0.0,0.0,0.0,0.0,36.578887939453125,0.0,21.765748977661133,43.425052642822266,1.472400188446045,3.619140625,0.0,15.704028129577637,0.0,0.0,0.0,0.0,0.0,64.03359985351562,0.0,0.0,0.0,0.0,0.0,0.0,15.696270942687988,0.0,37.044219970703125,0.0,0.0,38.612361907958984,0.0,0.0,51.921424865722656,0.0,6,6
58,0.0,2.0726261138916016,0.0,13.388904571533203,0.0,1.895545482635498,0.0,0.0,0.0,0.0,0.0,0.0,0.19968430697917938,0.0,15.896883010864258,0.0,0.0,0.0,0.0,0.0,0.0,0.0,0.0,0.0,5.2084856033325195,0.0,13.883853912353516,0.8238527178764343,0.0,0.0,0.0,0.0,0.0,0.0,0.0,0.0,0.0,8.740423202514648,0.0,0.0,0.0,0.0,0.0,0.0,17.681001663208008,0.0,12.8191556930542,0.0,0.0,23.04292869567871,0.0,0.0,15.713664054870605,0.0,5,5
59,0.0,0.0,0.0,30.818756103515625,0.0,0.0,0.0,0.0,0.0,0.0,0.0,3.9521870613098145,0.0,0.0,0.0,0.0,0.0,0.0,0.0,0.0,0.0,0.0,0.0,0.0,7.463075637817383,0.0,34.59950256347656,27.279829025268555,0.0,0.0,0.0,0.0,0.0,0.0,0.0,0.0,0.0,48.373497009277344,0.0,0.0,0.0,0.0,0.0,0.0,6.403163433074951,0.0,14.913857460021973,0.0,0.0,37.389251708984375,0.0,0.0,6.857499599456787,4.2258124351501465,7,7
60,0.0,0.0,0.0,13.456942558288574,9.727287292480469,0.0,0.0,0.0,0.0,0.0,0.0,3.9205822944641113,0.0,0.0,24.39903450012207,0.0,3.717928886413574,0.0,0.0,0.0,0.0,0.0,0.0,0.0,25.599292755126953,0.0,28.805482864379883,25.18832015991211,0.0,0.0,0.0,0.0,0.0,0.0,0.0,0.0,0.0,57.1893424987793,0.0,0.0,0.0,0.0,0.0,0.0,25.08002471923828,0.0,32.19807434082031,0.0,0.0,32.30762481689453,0.0,0.0,47.908084869384766,0.0,6,6
61,0.0,0.0,0.0,17.429128646850586,9.534187316894531,0.0,24.046419143676758,0.0,0.0,0.0,0.0,5.391714572906494,0.0,0.0,6.819559097290039,0.0,23.003448486328125,0.0,0.0,0.0,0.0,0.0,0.0,0.0,9.850053787231445,0.0,25.748226165771484,29.350759506225586,0.0,0.0,0.0,0.0,0.0,0.0,0.0,0.0,0.0,34.996891021728516,0.0,0.0,0.0,0.0,0.0,0.0,0.0,0.0,17.124414443969727,0.0,0.0,22.91094970703125,0.0,0.0,18.82982635498047,16.51681900024414,2,2
62,0.0,0.0,0.0,13.114179611206055,19.598709106445312,0.0,36.35063934326172,0.0,0.0,0.0,0.0,10.595998764038086,0.0,0.0,24.40656089782715,0.0,25.86278533935547,0.0,0.0,0.0,0.0,0.0,0.0,0.0,42.28001022338867,0.0,21.913705825805664,57.267784118652344,14.142681121826172,15.574747085571289,0.0,25.42243194580078,0.0,0.0,0.0,0.0,0.0,73.66580200195312,0.0,0.0,0.0,0.0,0.0,0.0,10.672348976135254,0.0,41.03837203979492,0.0,0.0,50.1700439453125,0.0,0.0,52.71011734008789,0.0,3,3
63,0.0,0.0,0.0,30.29288101196289,0.0,18.741676330566406,0.0,0.0,0.0,0.0,0.0,23.681100845336914,0.0,0.0,34.99787139892578,0.0,0.0,0.0,27.678865432739258,0.0,0.0,0.0,0.0,0.0,12.597450256347656,0.0,30.097938537597656,0.0,0.0,2.1290206909179688,0.0,0.0,0.0,0.0,0.0,0.0,0.0,21.992265701293945,0.0,0.0,0.0,0.0,0.0,0.0,28.337337493896484,0.0,11.332693099975586,0.0,0.0,18.981800079345703,0.0,0.0,11.197609901428223,0.0,4,4
64,0.0,0.0,0.0,23.67105484008789,0.0,7.280920505523682,0.0,0.0,0.0,0.0,0.0,26.082304000854492,0.0,1.8091992139816284,27.421871185302734,0.0,0.0,0.0,12.255685806274414,0.0,0.0,0.0,0.0,0.0,8.51286792755127,0.0,19.480361938476562,0.0,0.457456111907959,0.6331730484962463,0.0,0.0,0.0,0.0,0.0,0.0,0.0,8.46351432800293,0.0,0.0,0.0,0.0,0.0,0.0,23.93289566040039,0.0,22.83173179626465,0.0,0.0,22.832639694213867,0.0,0.0,0.3116544485092163,0.0,0,0
65,0.0,6.007646083831787,0.0,14.795318603515625,0.0,3.0285158157348633,0.0,0.0,0.0,0.0,0.0,0.0,4.346771717071533,0.0,19.583023071289062,0.0,0.0,0.0,0.0,0.0,0.0,0.0,0.0,0.0,10.651268005371094,0.0,15.088456153869629,0.8790001273155212,0.0,0.0,0.0,0.0,0.0,0.0,0.0,0.0,0.0,10.79173469543457,0.0,0.0,0.0,0.0,0.0,0.0,22.304176330566406,0.0,14.021146774291992,0.0,0.0,22.79277801513672,0.0,0.0,22.582368850708008,0.0,5,5
66,0.0,0.0,0.0,12.685283660888672,0.0,1.9207730293273926,3.8140368461608887,0.0,0.0,0.0,7.126433849334717,6.265031337738037,0.0,5.909273147583008,16.988916397094727,0.0,0.0,0.0,0.0,0.0,0.0,0.0,0.0,0.0,3.405259847640991,0.0,9.066415786743164,0.0,0.0,0.0,0.0,0.0,0.0,0.0,0.0,0.0,0.0,0.6592144966125488,0.0,0.0,0.0,0.0,0.0,0.0,14.343369483947754,0.0,22.602310180664062,0.0,0.0,24.45145606994629,0.0,0.0,1.7359479665756226,0.0,1,1
67,0.0,0.0,0.0,20.064613342285156,0.0,13.52439022064209,0.0,0.0,0.0,0.0,0.0,17.650110244750977,0.0,0.0,26.91872215270996,0.0,0.0,0.0,24.734264373779297,0.18141333758831024,0.0,0.0,0.0,0.0,11.520864486694336,0.0,22.062076568603516,0.0,0.0,0.23263175785541534,0.0,0.0,0.0,0.0,0.0,0.0,0.0,22.962980270385742,0.0,0.0,0.0,0.0,0.0,0.0,20.575847625732422,0.0,7.691064357757568,0.0,0.0,11.539202690124512,0.0,0.0,17.762575149536133,0.0,4,4
68,0.0,0.0,0.0,7.970841884613037,1.1593738794326782,0.0,2.372002363204956,0.0,0.0,0.0,3.32722544670105,0.0,3.557645320892334,6.669706344604492,7.958174228668213,0.0,0.0,0.0,0.0,0.0,0.0,0.0,0.0,0.0,0.0,0.0,3.9965100288391113,2.280803918838501,0.0,0.0,0.0,0.0,0.0,0.0,0.0,0.0,0.0,2.564511775970459,0.0,0.0,0.0,0.0,0.0,0.0,10.35090446472168,0.0,12.913542747497559,0.0,0.0,20.03719711303711,0.0,0.0,4.836236953735352,0.0,1,1
69,0.0,0.0,0.0,23.742855072021484,0.0,0.0,0.0,0.0,0.0,0.0,0.0,0.21419566869735718,0.0,0.0,0.0,0.0,0.0,0.0,0.0,0.0,0.0,0.0,0.0,0.0,11.253974914550781,0.0,31.41554069519043,26.14971351623535,0.0,0.0,0.0,0.0,0.0,0.0,0.0,0.0,0.0,51.688602447509766,0.0,0.0,0.0,0.0,0.0,0.0,5.703480243682861,0.0,14.708625793457031,0.0,0.0,31.670589447021484,0.0,0.0,14.28726863861084,1.873786449432373,7,7
70,0.0,0.0,0.0,13.530204772949219,0.0,2.4856514930725098,0.5975111722946167,0.0,0.0,0.0,7.976556301116943,5.1307268142700195,0.0,4.39302921295166,16.700878143310547,0.0,0.0,0.0,0.0,0.0,0.0,0.0,0.0,0.0,5.930929183959961,0.0,8.733844757080078,0.0,0.0,0.0,0.0,0.0,0.0,0.0,0.0,0.0,0.0,1.1834754943847656,0.0,0.0,0.0,0.0,0.0,0.0,15.617974281311035,0.0,21.437915802001953,0.0,0.0,24.016498565673828,0.0,0.0,5.078178882598877,0.0,5,5
71,0.0,0.0,0.0,4.796570301055908,0.0,2.1726150512695312,0.0,0.0,0.0,0.0,0.0,0.754365861415863,3.890162467956543,0.0,17.359338760375977,0.0,7.649178981781006,0.0,0.0,0.9543139338493347,0.0,0.0,0.0,0.0,17.345905303955078,0.0,12.97739315032959,13.387055397033691,0.0,0.0,0.0,10.75049114227295,0.0,0.0,0.0,0.0,0.0,31.186555862426758,0.0,0.0,0.0,0.0,0.0,0.0,18.10771942138672,0.0,18.428232192993164,0.0,0.0,11.020419120788574,0.0,0.0,27.701202392578125,0.0,6,6
72,0.0,0.0,0.0,28.434059143066406,0.0,5.126528263092041,0.0,0.0,0.0,0.0,0.0,31.889631271362305,0.0,0.0,29.18278694152832,0.0,0.0,0.0,19.00171661376953,0.0,0.0,0.0,0.0,0.0,8.28767204284668,0.0,22.536922454833984,0.0,0.0,2.8436431884765625,0.0,0.0,0.0,0.0,0.0,0.0,0.0,15.912324905395508,0.0,0.0,0.0,0.0,0.0,0.0,27.728605270385742,0.0,16.75345802307129,0.0,0.0,24.005901336669922,0.0,0.0,3.923729419708252,0.0,0,0
73,0.0,0.0,0.0,20.57676124572754,1.3714390993118286,0.0,11.625711441040039,0.0,0.0,0.0,0.0,3.4975152015686035,0.0,0.0,1.9270009994506836,0.0,9.173778533935547,0.0,0.0,0.0,0.0,0.0,0.0,0.0,10.530473709106445,0.0,25.123241424560547,25.756778717041016,0.0,0.0,0.0,0.0,0.0,0.0,0.0,0.0,0.0,41.61663055419922,0.0,0.0,0.0,0.0,0.0,0.0,2.954990863800049,0.0,14.004892349243164,0.0,0.0,24.338829040527344,0.0,0.0,17.24696922302246,6.290214538574219,7,7
74,0.0,0.0,0.0,27.707225799560547,0.0,4.999783039093018,0.0,0.0,0.0,0.0,0.0,30.846012115478516,0.0,0.0,28.359390258789062,0.0,0.0,0.0,18.53708267211914,0.0,0.0,0.0,0.0,0.0,7.65601921081543,0.0,22.138256072998047,0.0,0.0,2.5607872009277344,0.0,0.0,0.0,0.0,0.0,0.0,0.0,15.805306434631348,0.0,0.0,0.0,0.0,0.0,0.0,27.01129913330078,0.0,15.586016654968262,0.0,0.0,23.144546508789062,0.0,0.0,4.103115558624268,0.0,0,0
75,0.0,0.0,0.0,8.351591110229492,0.0,0.0,3.65740966796875,0.0,0.0,0.0,4.517827987670898,0.0,2.9337687492370605,5.528043746948242,8.721553802490234,0.0,0.0,0.0,0.0,0.0,0.0,0.0,0.0,0.0,0.0,0.0,4.546401500701904,0.9527594447135925,0.0,0.0,0.0,0.0,0.0,0.0,0.0,0.0,0.0,1.6975584030151367,0.0,0.0,0.0,0.0,0.0,0.0,10.680625915527344,0.0,14.794549942016602,0.0,0.0,20.82624053955078,0.0,0.0,3.7123842239379883,0.0,1,1
76,0.0,1.1388192176818848,0.0,41.41606903076172,0.0,37.224365234375,0.0,0.0,0.0,0.0,0.0,28.696794509887695,0.0,0.0,49.52693176269531,0.0,0.0,2.873711347579956,41.91197204589844,9.179519653320312,0.0,0.0,0.0,0.0,22.408309936523438,0.0,39.75741195678711,0.0,0.0,3.4671287536621094,0.0,0.0,0.0,0.0,0.0,0.0,0.0,41.79533004760742,0.0,0.0,0.0,0.0,0.0,0.0,38.51239013671875,0.0,12.051107406616211,0.0,0.0,15.9790678024292,0.0,0.0,28.222740173339844,0.0,4,4
77,0.0,0.0,0.0,14.904075622558594,14.489901542663574,0.0,27.496305465698242,0.0,0.0,1.2563527822494507,0.0,6.98438024520874,0.0,0.0,11.4741849899292,0.0,26.923242568969727,0.0,0.0,0.0,0.0,0.0,0.0,0.0,9.293183326721191,0.0,26.286312103271484,30.068220138549805,0.6696817874908447,0.0,0.0,0.0,0.0,0.0,0.0,0.0,0.0,33.24656677246094,0.0,0.0,0.0,0.0,0.0,0.0,0.04675636813044548,0.0,18.95304298400879,0.0,0.0,22.334949493408203,0.0,0.0,22.6162166595459,17.628604888916016,2,2
78,0.0,0.20728017389774323,0.0,8.206321716308594,0.0,0.0,0.0,0.0,0.0,0.0,0.0,0.0,0.0,0.0,17.02800941467285,0.0,7.851485729217529,0.0,0.0,0.0,0.0,0.0,0.0,0.0,14.563819885253906,0.0,21.428794860839844,22.94010353088379,0.0,0.746371328830719,0.0,5.948651313781738,0.0,0.0,0.0,0.0,0.0,42.87034225463867,0.0,0.0,0.0,0.0,0.0,0.0,17.428428649902344,0.0,24.187122344970703,0.0,0.0,22.345359802246094,0.0,0.0,31.45313835144043,0.0,6,6
79,0.0,2.3986902236938477,0.0,11.476428985595703,0.0,1.6663355827331543,0.0,0.0,0.0,0.0,0.0,0.0,4.10450553894043,0.0,12.511855125427246,0.0,0.0,0.0,0.0,0.0,0.0,0.0,0.0,0.0,5.066287994384766,0.0,10.457266807556152,0.46878573298454285,0.0,0.0,0.0,0.0,0.0,0.0,0.0,0.0,0.0,5.709799766540527,0.0,0.0,0.0,0.0,0.0,0.0,16.37499237060547,0.0,10.733022689819336,0.0,0.0,18.456558227539062,0.0,0.0,13.625953674316406,0.0,5,5
80,0.0,1.9265141487121582,0.0,8.224113464355469,23.186771392822266,0.0,0.0,0.0,0.0,0.0,7.612345218658447,0.0,8.270651817321777,0.0,24.405513763427734,0.0,0.0,0.0,0.0,0.0,0.0,0.0,0.0,0.0,20.573291778564453,0.0,15.041128158569336,0.0,0.0,0.0,0.0,0.0,0.0,0.0,0.0,0.0,0.0,22.153411865234375,0.0,0.0,0.0,0.0,0.0,0.0,23.780248641967773,0.0,15.836822509765625,0.0,0.0,25.11119842529297,0.0,0.0,30.84132957458496,0.0,5,5
81,0.0,0.0,0.0,27.463176727294922,0.0,7.420567035675049,0.0,0.0,0.0,0.0,0.0,28.116331100463867,0.0,0.0,28.976213455200195,0.0,0.0,0.0,19.93496322631836,0.0,0.0,0.0,0.0,0.0,9.518194198608398,0.0,22.327083587646484,0.0,0.0,4.345855712890625,0.0,0.0,0.0,0.0,0.0,0.0,0.0,17.354904174804688,0.0,0.0,0.0,0.0,0.0,0.0,26.30473518371582,0.0,15.433207511901855,0.0,0.0,21.421733856201172,0.0,0.0,5.727433681488037,0.0,4,0
82,0.0,0.0,0.0,33.46799087524414,0.0,23.379840850830078,0.0,0.0,0.0,0.0,0.0,19.084518432617188,0.0,0.0,38.57941436767578,0.0,0.0,0.0,25.400394439697266,0.0,0.0,0.0,0.0,0.0,13.90307903289795,0.0,34.41453170776367,0.0,0.0,0.0,0.0,0.0,0.0,0.0,0.0,0.0,0.0,21.55653953552246,0.0,0.0,0.0,0.0,0.0,0.0,31.08307456970215,0.0,8.967033386230469,0.0,0.0,19.087047576904297,0.0,0.0,15.97499942779541,0.0,4,4
83,0.0,0.0,0.0,26.059415817260742,0.0,11.268593788146973,0.0,0.0,0.0,0.0,0.0,23.996553421020508,0.0,0.0,29.059524536132812,0.0,0.0,0.0,21.665794372558594,0.0,0.0,0.0,0.0,0.0,10.098926544189453,0.0,23.687803268432617,0.0,0.0,3.987945556640625,0.0,0.0,0.0,0.0,0.0,0.0,0.0,18.274837493896484,0.0,0.0,0.0,0.0,0.0,0.0,25.063655853271484,0.0,12.859630584716797,0.0,0.0,18.275894165039062,0.0,0.0,7.332454204559326,0.0,4,4
84,0.0,0.0,0.0,3.0186767578125,23.03215217590332,0.0,4.257523059844971,0.0,0.0,0.0,0.0,1.1598329544067383,4.6929192543029785,0.0,40.12702178955078,0.0,18.029151916503906,0.0,0.0,0.0,0.0,0.0,0.0,0.0,30.657119750976562,0.0,22.030723571777344,31.02260398864746,0.0,0.0,0.0,0.0,0.0,0.0,0.0,0.0,0.0,58.174373626708984,0.0,0.0,0.0,0.0,0.0,0.0,25.611255645751953,0.0,34.38574981689453,0.0,0.0,45.644344329833984,0.0,0.0,57.86497116088867,0.0,6,6
85,0.0,0.0,0.0,12.65829849243164,0.0,2.0658421516418457,4.1355814933776855,0.0,0.0,0.0,6.334290027618408,6.4648871421813965,0.0,5.917032241821289,17.14463996887207,0.0,0.0,0.0,0.0,0.0,0.0,0.0,0.0,0.0,2.8831098079681396,0.0,9.256269454956055,0.0,0.0,0.0,0.0,0.0,0.0,0.0,0.0,0.0,0.0,0.723259687423706,0.0,0.0,0.0,0.0,0.0,0.0,14.230676651000977,0.0,22.476917266845703,0.0,0.0,24.297054290771484,0.0,0.0,1.4122833013534546,0.0,1,1
86,0.0,0.0,0.0,10.794998168945312,0.0,0.7212061882019043,5.055595874786377,0.0,0.0,0.0,7.147115230560303,4.601013660430908,0.0,6.329545974731445,14.794819831848145,0.0,0.0,0.0,0.0,0.0,0.0,0.0,0.0,0.0,1.8863914012908936,0.0,7.910811901092529,0.0,0.0,0.0,0.0,0.0,0.0,0.0,0.0,0.0,0.0,0.36333131790161133,0.0,0.0,0.0,0.0,0.0,0.0,13.44930362701416,0.0,20.904943466186523,0.0,0.0,23.99761962890625,0.0,0.0,1.5173696279525757,0.0,1,1
87,0.0,0.0,0.0,8.903422355651855,0.0,0.0,0.0,0.0,0.0,0.0,0.0,0.0,0.0,0.0,10.62087631225586,0.0,4.287970542907715,0.0,0.0,0.0,0.0,0.0,0.0,0.0,10.591360092163086,0.0,18.832395553588867,20.135066986083984,0.0,2.473008155822754,0.0,1.8141083717346191,0.0,0.0,0.0,0.0,0.0,38.35957717895508,0.0,0.0,0.0,0.0,0.0,0.0,11.828866004943848,0.0,18.70302391052246,0.0,0.0,21.75885772705078,0.0,0.0,28.685758590698242,0.0,6,6
88,0.0,0.0,0.0,13.336235046386719,15.079045295715332,0.0,33.618228912353516,0.0,0.0,0.0,0.0,10.18574333190918,0.0,0.0,19.303220748901367,0.0,23.35077667236328,0.0,0.0,0.0,0.0,0.0,0.0,0.0,35.88652420043945,0.0,19.74559783935547,53.27079772949219,12.965049743652344,14.046638488769531,0.0,24.00662612915039,0.0,0.0,0.23993925750255585,0.0,0.0,68.64124298095703,0.0,0.0,0.0,0.0,0.0,0.0,9.316810607910156,0.0,36.19614791870117,0.0,0.0,43.8004035949707,0.0,0.0,46.199703216552734,0.0,3,3
89,0.0,0.0,0.0,10.781824111938477,23.714609146118164,0.0,34.62925338745117,0.0,0.0,0.9551957845687866,0.0,10.959268569946289,0.0,0.0,28.809568405151367,0.0,27.62576675415039,0.0,0.0,0.0,0.0,0.0,0.0,0.0,43.749542236328125,0.0,23.45760154724121,56.37632369995117,12.286699295043945,12.85151481628418,0.0,23.40935516357422,0.0,0.0,0.0,0.0,0.0,76.06620788574219,0.0,0.0,0.0,0.0,0.0,0.0,11.927233695983887,0.0,42.943965911865234,0.0,0.0,51.24587631225586,0.0,0.0,57.69276809692383,0.0,3,3
90,0.0,0.0,0.0,19.819843292236328,0.0,0.0,1.7703231573104858,0.0,0.0,0.0,0.0,4.974421977996826,0.0,0.0,0.0,0.0,6.199073791503906,0.0,0.0,0.0,0.0,0.0,0.0,0.0,13.452927589416504,0.0,30.131935119628906,29.686277389526367,0.0,0.0,0.0,0.0,0.0,0.0,0.0,0.0,0.0,48.69765090942383,0.0,0.0,0.0,0.0,0.0,0.0,1.1448935270309448,0.0,17.927305221557617,0.0,0.0,24.255769729614258,0.0,0.0,15.388261795043945,7.777440547943115,7,7
91,0.0,0.0,0.0,27.908218383789062,0.0,5.1626458168029785,0.0,0.0,0.0,0.0,0.0,31.127256393432617,0.0,0.0,28.68599510192871,0.0,0.0,0.0,18.803043365478516,0.0,0.0,0.0,0.0,0.0,7.831430435180664,0.0,22.370431900024414,0.0,0.0,2.4676856994628906,0.0,0.0,0.0,0.0,0.0,0.0,0.0,15.900923728942871,0.0,0.0,0.0,0.0,0.0,0.0,27.210426330566406,0.0,15.859172821044922,0.0,0.0,23.405359268188477,0.0,0.0,4.1225905418396,0.0,0,0
92,0.0,0.0,0.0,16.496187210083008,0.0,8.00178337097168,0.0,0.0,0.0,0.0,0.0,4.364566326141357,0.0,0.9487771391868591,20.110658645629883,0.0,0.0,0.0,3.7378640174865723,0.0,0.0,0.0,0.0,0.0,5.544471740722656,0.0,15.331254959106445,0.0,0.0,0.0,0.0,0.0,0.0,0.0,0.0,0.0,0.0,9.534611701965332,0.0,0.0,0.0,0.0,0.0,0.0,17.76633644104004,0.0,8.432767868041992,0.0,0.0,15.533723831176758,0.0,0.0,10.968695640563965,0.0,5,5
93,0.0,1.006701946258545,0.0,19.398664474487305,0.0,12.581806182861328,0.0,0.0,0.0,0.0,0.0,11.714685440063477,0.0,0.0,26.002347946166992,0.0,0.0,0.0,19.920743942260742,0.4212750792503357,0.0,0.0,0.0,0.0,14.897640228271484,0.0,20.920692443847656,0.0,0.0,0.0,0.0,0.0,0.0,0.0,0.0,0.0,0.0,19.51686668395996,0.0,0.0,0.0,0.0,0.0,0.0,21.601139068603516,0.0,7.285293102264404,0.0,0.0,11.215127944946289,0.0,0.0,22.939729690551758,0.0,4,4
94,0.0,3.280897617340088,0.0,5.871582508087158,31.23377227783203,1.931978702545166,0.0,0.0,0.0,0.0,4.606472969055176,0.0,10.290149688720703,0.5487164855003357,25.312633514404297,0.0,1.1681528091430664,0.0,1.865829348564148,0.0,0.0,0.0,0.0,0.0,24.224533081054688,0.0,19.233259201049805,3.574913740158081,0.0,0.0,0.0,0.0,0.0,0.0,0.0,0.0,0.0,22.719873428344727,0.0,0.0,0.0,0.0,0.0,0.0,28.22409439086914,0.0,20.26810646057129,0.0,0.0,32.04202651977539,0.0,0.0,47.39986801147461,0.0,5,5
95,0.0,0.0,0.0,15.233588218688965,0.0,10.415236473083496,0.0,0.0,0.0,0.0,0.0,9.752995491027832,0.0,0.0,22.87708854675293,0.0,0.0,0.0,20.510122299194336,0.0,0.0,0.0,0.0,0.0,13.211822509765625,0.0,18.147293090820312,0.0,0.0,0.0,0.0,0.0,0.0,0.0,0.0,0.0,0.0,19.548542022705078,0.0,0.0,0.0,0.0,0.0,0.0,19.82242202758789,0.0,6.344275951385498,0.0,0.0,12.093259811401367,0.0,0.0,20.357263565063477,0.0,4,4
96,0.0,0.0,0.0,23.677818298339844,0.0,12.180718421936035,0.0,0.0,0.0,0.0,0.0,19.491016387939453,0.0,0.0,27.34687042236328,0.0,0.0,0.0,20.115089416503906,0.0,0.0,0.0,0.0,0.0,9.76928997039795,0.0,22.46984100341797,0.0,0.0,2.961793899536133,0.0,0.0,0.0,0.0,0.0,0.0,0.0,16.653350830078125,0.0,0.0,0.0,0.0,0.0,0.0,22.5949649810791,0.0,10.727566719055176,0.0,0.0,15.763647079467773,0.0,0.0,8.12785816192627,0.0,4,4
97,0.0,0.6236319541931152,0.0,24.620046615600586,0.0,21.076904296875,0.0,0.0,0.0,0.0,0.0,13.645172119140625,0.0,0.0,30.849817276000977,0.0,0.0,0.45331650972366333,19.811792373657227,4.1541523933410645,0.0,0.0,0.0,0.0,10.815988540649414,0.0,24.45561408996582,0.0,0.0,0.0,0.0,0.0,0.0,0.0,0.0,0.0,0.0,18.595874786376953,0.0,0.0,0.0,0.0,0.0,0.0,24.649784088134766,0.0,7.274092197418213,0.0,0.0,12.991629600524902,0.0,0.0,16.976781845092773,0.0,4,4
98,0.0,0.0,0.0,18.458528518676758,0.0,0.0,0.0,0.0,0.0,0.0,0.0,0.0,0.0,0.0,1.0796613693237305,0.0,0.2925865948200226,0.0,0.0,0.0,0.0,0.0,0.0,0.0,10.079751014709473,0.0,25.347158432006836,17.86464500427246,0.0,0.0,0.0,0.0,0.0,0.0,0.0,0.0,0.0,38.442325592041016,0.0,0.0,0.0,0.0,0.0,0.0,13.216116905212402,0.0,17.9061336517334,0.0,0.0,31.2821044921875,0.0,0.0,26.096216201782227,0.0,7,7
99,0.0,10.744256973266602,0.0,8.942155838012695,9.484213829040527,4.297039031982422,0.0,0.0,0.0,0.0,0.641417384147644,0.0,4.827643394470215,0.0,20.911165237426758,0.0,0.0,0.0,0.8402213454246521,0.0,0.0,0.0,0.0,0.0,14.705575942993164,0.0,14.348246574401855,0.0,0.0,0.0,0.0,0.0,0.0,0.0,0.0,0.0,0.0,8.371477127075195,0.0,0.0,0.0,0.0,0.0,0.0,23.42007064819336,0.0,10.472657203674316,0.0,0.0,22.004833221435547,0.0,0.0,24.640731811523438,0.0,5,5
100,0.0,0.0,0.0,29.02799415588379,0.0,5.359716892242432,0.0,0.0,0.0,0.0,0.0,32.90234375,0.0,0.0,29.899612426757812,0.0,0.0,0.0,19.83987045288086,0.0,0.0,0.0,0.0,0.0,8.357706069946289,0.0,22.687461853027344,0.0,0.0,3.407451629638672,0.0,0.0,0.0,0.0,0.0,0.0,0.0,16.302547454833984,0.0,0.0,0.0,0.0,0.0,0.0,28.357181549072266,0.0,17.121156692504883,0.0,0.0,24.643146514892578,0.0,0.0,3.588347911834717,0.0,0,0
101,0.0,0.0,0.0,28.52096176147461,0.0,0.0,0.0,0.0,0.0,0.0,0.0,3.9476208686828613,0.0,0.0,0.0,0.0,0.0,0.0,0.0,0.0,0.0,0.0,0.0,0.0,7.372302055358887,0.0,34.16408157348633,28.003604888916016,0.0,0.0,0.0,0.0,0.0,0.0,0.0,0.0,0.0,46.049015045166016,0.0,0.0,0.0,0.0,0.0,0.0,5.149240970611572,0.0,14.86458969116211,0.0,0.0,35.251155853271484,0.0,0.0,7.909892559051514,4.671634197235107,7,7
102,0.0,0.0,0.0,13.344593048095703,2.713541269302368,0.0,0.0,0.0,0.0,0.0,0.0,0.4129409193992615,0.0,0.0,14.014754295349121,0.0,4.580562591552734,0.0,0.0,0.0,0.0,0.0,0.0,0.0,20.466312408447266,0.0,26.101350784301758,27.322790145874023,0.0,1.5958329439163208,0.0,0.0,0.0,0.0,0.0,0.0,0.0,50.5691032409668,0.0,0.0,0.0,0.0,0.0,0.0,19.323083877563477,0.0,28.653106689453125,0.0,0.0,32.31203079223633,0.0,0.0,39.89707565307617,0.0,6,6
103,0.0,4.548862934112549,0.0,13.831257820129395,0.0,3.1039938926696777,0.0,0.0,0.0,0.0,0.0,0.0,4.12576150894165,0.0,16.588491439819336,0.0,0.0,0.0,0.0,0.0,0.0,0.0,0.0,0.0,8.16006088256836,0.0,12.983253479003906,0.34074661135673523,0.0,0.0,0.0,0.0,0.0,0.0,0.0,0.0,0.0,8.267409324645996,0.0,0.0,0.0,0.0,0.0,0.0,19.717308044433594,0.0,12.398144721984863,0.0,0.0,21.27073860168457,0.0,0.0,18.464040756225586,0.0,5,5
104,0.0,0.0,0.0,16.675426483154297,11.78358268737793,0.0,26.59122085571289,0.0,0.0,0.6531528234481812,0.0,6.246049880981445,0.0,0.0,8.813258171081543,0.0,25.875995635986328,0.0,0.0,0.0,0.0,0.0,0.0,0.0,9.552669525146484,0.0,26.44765281677246,30.184612274169922,0.48720550537109375,0.0,0.0,0.0,0.0,0.0,0.0,0.0,0.0,34.66189956665039,0.0,0.0,0.0,0.0,0.0,0.0,0.0,0.0,18.106548309326172,0.0,0.0,22.85672950744629,0.0,0.0,20.617130279541016,18.103252410888672,2,2
105,0.0,0.0,0.0,19.771137237548828,0.0,0.0,9.57377815246582,0.0,0.0,0.0,0.0,2.903524875640869,0.0,0.0,0.0,0.0,14.154430389404297,0.0,0.0,0.0,0.0,0.0,0.0,0.0,17.339513778686523,0.0,26.764768600463867,33.990020751953125,2.3510489463806152,0.0,0.0,0.0,0.0,0.0,0.0,0.0,0.0,52.625186920166016,0.0,0.0,0.0,0.0,0.0,0.0,0.0,0.0,16.298847198486328,0.0,0.0,27.559587478637695,0.0,0.0,21.75333023071289,6.005026340484619,7,7
106,0.0,0.0,0.0,11.59919548034668,0.0,1.8022122383117676,4.659999847412109,0.0,0.0,0.0,7.432446479797363,4.607590198516846,0.0,6.3403472900390625,15.365139961242676,0.0,0.0,0.0,0.0,0.0,0.0,0.0,0.0,0.0,2.455676794052124,0.0,7.967419624328613,0.0,0.0,0.0,0.0,0.0,0.0,0.0,0.0,0.0,0.0,0.45065784454345703,0.0,0.0,0.0,0.0,0.0,0.0,13.788359642028809,0.0,21.223451614379883,0.0,0.0,23.847505569458008,0.0,0.0,1.7954496145248413,0.0,1,1
107,0.0,0.0,0.0,4.304904937744141,20.4611759185791,0.0,0.0,0.0,0.0,0.0,0.0,4.2560811042785645,3.201082944869995,0.0,30.020763397216797,0.0,5.85866117477417,0.0,0.0,0.0,0.0,0.0,0.0,0.0,23.72427749633789,0.0,23.945287704467773,14.0684814453125,0.0,0.0,0.0,0.0,0.0,0.0,0.0,0.0,0.0,42.27878952026367,0.0,0.0,0.0,0.0,0.0,0.0,24.59328269958496,0.0,23.439085006713867,0.0,0.0,27.291772842407227,0.0,0.0,42.908870697021484,0.0,6,6
108,0.0,0.0,0.0,5.0235700607299805,17.481548309326172,0.0,0.0,0.0,0.0,0.0,10.028135299682617,0.0,0.0,0.0,14.356132507324219,0.0,4.392387866973877,0.0,0.0,0.0,0.0,0.0,0.0,0.0,10.88261604309082,0.0,23.297433853149414,15.032008171081543,0.0,0.0,0.0,0.0,0.0,0.0,0.0,0.0,0.0,36.73138427734375,0.0,0.0,0.0,0.0,0.0,0.0,9.90538501739502,0.0,18.79305076599121,0.0,0.0,23.37978172302246,0.0,0.0,26.61190414428711,0.0,6,6
109,0.0,0.0,0.0,27.90964126586914,0.0,18.375614166259766,0.0,0.0,0.0,0.0,0.0,25.698333740234375,0.0,0.0,34.111427307128906,0.0,0.0,0.0,30.07002830505371,0.0,0.0,0.0,0.0,0.0,8.964578628540039,0.0,28.865198135375977,0.0,0.0,1.7343827486038208,0.0,0.0,0.0,0.0,0.0,0.0,0.0,26.20115089416504,0.0,0.0,0.0,0.0,0.0,0.0,26.059926986694336,0.0,7.8682942390441895,0.0,0.0,17.54348373413086,0.0,0.0,13.873038291931152,0.0,4,4
110,0.0,0.0,0.0,19.642578125,0.0,12.800968170166016,0.0,0.0,0.0,0.0,0.0,21.50843048095703,0.0,0.0,28.62528419494629,0.0,0.0,0.0,26.80849266052246,0.0,0.0,0.0,0.0,0.0,10.98075008392334,0.0,21.293825149536133,0.0,0.0,1.1215440034866333,0.0,0.0,0.0,0.0,0.0,0.0,0.0,22.328676223754883,0.0,0.0,0.0,0.0,0.0,0.0,21.736953735351562,0.0,11.2738037109375,0.0,0.0,14.919269561767578,0.0,0.0,15.402946472167969,0.0,4,4
111,0.0,3.7241601943969727,0.0,23.15314483642578,0.0,21.425203323364258,0.0,0.0,0.0,0.0,0.0,13.64015007019043,0.0,0.0,28.651865005493164,0.0,0.0,2.542940855026245,21.016942977905273,5.967888832092285,0.0,0.0,0.0,0.0,14.23571491241455,0.0,23.084035873413086,0.0,0.0,1.3227273225784302,0.0,0.0,0.0,0.0,0.0,0.0,0.0,22.8176326751709,0.0,0.0,0.0,0.0,0.0,0.0,23.55579948425293,0.0,7.8124680519104,0.0,0.0,7.22446346282959,0.0,0.0,17.761930465698242,0.0,4,4
112,0.0,0.0,0.0,16.389101028442383,2.6482837200164795,0.0,0.0,0.0,0.0,0.0,0.0,1.4724574089050293,0.0,0.0,4.208580017089844,0.0,4.400492191314697,0.0,0.0,0.0,0.0,0.0,0.0,0.0,16.033226013183594,0.0,32.73637008666992,24.381879806518555,0.0,0.0,0.0,0.0,0.0,0.0,0.0,0.0,0.0,51.3477668762207,0.0,0.0,0.0,0.0,0.0,0.0,6.737303256988525,0.0,21.07583999633789,0.0,0.0,30.022127151489258,0.0,0.0,26.42793846130371,3.843261241912842,7,7
113,0.0,0.0,0.0,15.43652629852295,13.22356128692627,0.0,26.941490173339844,0.0,0.0,0.8435958623886108,0.0,6.029403209686279,0.0,0.0,10.662701606750488,0.0,26.247955322265625,0.0,0.0,0.0,0.0,0.0,0.0,0.0,9.446967124938965,0.0,26.0762882232666,29.611385345458984,0.5263073444366455,0.0,0.0,0.0,0.0,0.0,0.0,0.0,0.0,32.90126419067383,0.0,0.0,0.0,0.0,0.0,0.0,0.039994340389966965,0.0,18.244138717651367,0.0,0.0,22.393896102905273,0.0,0.0,21.415464401245117,17.36858367919922,2,2
114,0.0,0.0,0.0,11.914411544799805,21.220947265625,0.0,37.16411209106445,0.0,0.0,1.2328828573226929,0.0,11.020723342895508,0.0,0.0,25.882055282592773,0.0,27.259605407714844,0.0,0.0,0.0,0.0,0.0,0.0,0.0,42.04165267944336,0.0,22.53787612915039,57.32554244995117,14.525096893310547,14.11882209777832,0.0,24.369401931762695,0.0,0.0,0.0,0.0,0.0,73.56147766113281,0.0,0.0,0.0,0.0,0.0,0.0,9.870038032531738,0.0,41.13966751098633,0.0,0.0,49.59765625,0.0,0.0,53.7689094543457,0.0,3,3
115,0.0,0.0,0.0,29.042499542236328,0.0,6.9887871742248535,0.0,0.0,0.0,0.0,0.0,30.883996963500977,0.0,0.0,30.126604080200195,0.0,0.0,0.0,20.46392250061035,0.0,0.0,0.0,0.0,0.0,8.602012634277344,0.0,23.80213165283203,0.0,0.0,3.019052505493164,0.0,0.0,0.0,0.0,0.0,0.0,0.0,17.535737991333008,0.0,0.0,0.0,0.0,0.0,0.0,28.01189422607422,0.0,15.569250106811523,0.0,0.0,23.007442474365234,0.0,0.0,5.123587131500244,0.0,0,0
116,0.0,0.0,0.0,14.04319953918457,0.0,0.0,2.527369976043701,0.0,0.0,0.0,0.0,0.0,0.0,0.0,21.331920623779297,0.0,19.616737365722656,0.0,0.0,0.0,0.0,0.0,0.0,0.0,25.12787437438965,0.0,40.10915756225586,45.2761116027832,0.0,7.169364929199219,0.0,11.941330909729004,0.0,0.0,0.0,0.0,0.0,80.96598815917969,0.0,0.0,0.0,0.0,0.0,0.0,28.09881019592285,0.0,43.360774993896484,0.0,0.0,40.736061096191406,0.0,0.0,57.841976165771484,0.0,5,6
117,0.0,1.0779314041137695,0.0,7.044931411743164,0.0,0.0,0.0,0.0,0.0,0.0,0.0,0.0,3.776294231414795,0.49122804403305054,8.928438186645508,0.0,0.0,0.0,0.0,0.0,0.0,0.0,0.0,0.0,3.870076894760132,0.0,9.348361015319824,3.9966962337493896,0.0,0.0,0.0,0.0,0.0,0.0,0.0,0.0,0.0,9.398496627807617,0.0,0.0,0.0,0.0,0.0,0.0,12.442301750183105,0.0,12.88768482208252,0.0,0.0,18.32731056213379,0.0,0.0,13.492387771606445,0.0,5,5
118,0.0,0.0,0.0,11.687129974365234,12.03724193572998,0.0,0.0,0.0,0.0,0.0,0.0,4.344563007354736,0.0,0.0,26.857879638671875,0.0,4.439496994018555,0.0,0.0,0.0,0.0,0.0,0.0,0.0,26.30795669555664,0.0,26.97323226928711,21.700035095214844,0.0,0.0,0.0,0.0,0.0,0.0,0.0,0.0,0.0,54.01589584350586,0.0,0.0,0.0,0.0,0.0,0.0,25.901479721069336,0.0,30.18458366394043,0.0,0.0,30.31592559814453,0.0,0.0,48.62785720825195,0.0,6,6
119,0.0,0.0,0.0,12.853897094726562,0.0,1.5107712745666504,5.6814141273498535,0.0,0.0,0.0,7.261572360992432,6.20656156539917,0.0,7.39393424987793,17.809486389160156,0.0,0.0,0.0,0.0,0.0,0.0,0.0,0.0,0.0,2.970693349838257,0.0,10.388731956481934,0.0,0.0,0.0,0.0,0.0,0.0,0.0,0.0,0.0,0.0,2.380697727203369,0.0,0.0,0.0,0.0,0.0,0.0,16.181568145751953,0.0,24.27726936340332,0.0,0.0,28.374767303466797,0.0,0.0,2.1283717155456543,0.0,1,1
120,0.0,9.490571975708008,0.0,9.443231582641602,10.638586044311523,5.245601177215576,0.0,0.0,0.0,0.0,2.6634509563446045,0.0,5.685229301452637,0.0,20.717721939086914,0.0,0.0,0.0,2.390109062194824,0.0,0.0,0.0,0.0,0.0,15.093303680419922,0.0,14.051942825317383,0.0,0.0,0.0,0.0,0.0,0.0,0.0,0.0,0.0,0.0,8.989005088806152,0.0,0.0,0.0,0.14349862933158875,0.0,0.0,22.74664306640625,0.0,9.794961929321289,0.0,0.0,21.672447204589844,0.0,0.0,25.912519454956055,0.0,5,5
121,0.0,0.0,0.0,29.13555145263672,0.0,0.0,2.2351269721984863,0.0,0.0,0.0,0.0,4.197547435760498,0.0,0.0,0.0,0.0,3.721965789794922,0.0,0.0,0.0,0.0,0.0,0.0,0.0,16.885818481445312,0.0,31.005779266357422,35.250152587890625,0.0,0.0,0.0,0.0,0.0,0.0,0.0,0.0,0.0,62.388065338134766,0.0,0.0,0.0,0.0,0.0,0.0,0.0,0.0,14.206974029541016,0.0,0.0,32.91280746459961,0.0,0.0,14.631203651428223,4.462012767791748,7,7
122,0.0,0.0,0.0,12.389169692993164,6.743884563446045,0.0,0.0,0.0,0.0,0.0,3.446058511734009,0.0,0.0,0.0,8.140905380249023,0.0,0.0,0.0,0.0,0.0,0.0,0.0,0.0,0.0,12.997039794921875,0.0,26.09382438659668,16.349327087402344,0.0,0.0,0.0,0.0,0.0,0.0,0.0,0.0,0.0,37.59434127807617,0.0,0.0,0.0,0.0,0.0,0.0,10.3051118850708,0.0,17.081745147705078,0.0,0.0,24.958885192871094,0.0,0.0,22.876678466796875,0.008799132890999317,7,7
123,0.0,0.0,0.0,32.085079193115234,0.0,0.0,0.0,0.0,0.0,0.0,0.0,2.5143637657165527,0.0,0.0,0.0,0.0,0.0,0.0,0.0,0.0,0.0,0.0,0.0,0.0,13.202940940856934,0.0,34.966896057128906,29.7689151763916,0.0,0.0,0.0,0.0,0.0,0.0,0.0,0.0,0.0,62.85524368286133,0.0,0.0,0.0,0.0,0.0,0.0,4.746553897857666,0.0,15.442304611206055,0.0,0.0,39.17899703979492,0.0,0.0,12.544096946716309,5.082192897796631,7,7
124,0.0,0.0,0.0,12.899259567260742,15.842302322387695,0.0,26.82167625427246,0.0,0.0,1.254930853843689,0.0,6.3144659996032715,0.0,0.0,13.60569953918457,0.0,26.554420471191406,0.0,0.0,0.0,0.0,0.0,0.0,0.0,8.5143404006958,0.0,24.906362533569336,27.847015380859375,0.0,0.0,0.0,0.0,0.0,0.0,0.0,0.0,0.0,30.298877716064453,0.0,0.0,0.0,0.0,0.0,0.0,1.7309666872024536,0.0,18.538068771362305,0.0,0.0,21.756010055541992,0.0,0.0,22.948261260986328,16.490182876586914,2,2
125,0.0,0.0,0.0,24.782865524291992,0.0,0.0,0.0,0.0,0.0,0.0,0.0,3.54555082321167,0.0,0.0,0.0,0.0,0.0,0.0,0.0,0.0,0.0,0.0,0.0,0.0,13.501680374145508,0.0,29.406137466430664,26.341182708740234,0.0,0.0,0.0,0.0,0.0,0.0,0.0,0.0,0.0,46.77040481567383,0.0,0.0,0.0,0.0,0.0,0.0,3.9818673133850098,0.0,12.395378112792969,0.0,0.0,25.816375732421875,0.0,0.0,11.649031639099121,3.886988639831543,7,7
126,0.0,0.13706542551517487,0.0,8.437956809997559,0.0,0.0,0.0,0.0,0.0,0.0,0.0,0.0,0.0,0.0,17.135953903198242,0.0,7.983860015869141,0.0,0.0,0.0,0.0,0.0,0.0,0.0,15.614824295043945,0.0,20.882802963256836,22.03384017944336,0.0,0.7398386597633362,0.0,6.933313369750977,0.0,0.0,0.0,0.0,0.0,41.64999771118164,0.0,0.0,0.0,0.0,0.0,0.0,17.641252517700195,0.0,24.562105178833008,0.0,0.0,21.93012237548828,0.0,0.0,30.126253128051758,0.0,6,6
127,0.0,0.0,0.0,9.35873794555664,11.854653358459473,0.0,0.0,0.0,0.0,0.0,0.0,5.090134143829346,0.0,0.0,26.19967269897461,0.0,1.122915267944336,0.0,0.0,0.0,0.0,0.0,0.0,0.0,22.94036102294922,0.0,24.95383071899414,20.18382453918457,0.0,0.0,0.0,0.0,0.0,0.0,0.0,0.0,0.0,48.756072998046875,0.0,0.0,0.0,0.0,0.0,0.0,23.22254180908203,0.0,26.82141876220703,0.0,0.0,28.246906280517578,0.0,0.0,44.63821029663086,0.0,6,6
128,0.0,0.0,0.0,28.024660110473633,0.0,19.353471755981445,0.0,0.0,0.0,0.0,0.0,17.91297721862793,0.0,0.0,32.393280029296875,0.0,0.0,0.0,23.449872970581055,0.0,0.0,0.0,0.0,0.0,12.313342094421387,0.0,28.19386100769043,0.0,0.0,0.39274606108665466,0.0,0.0,0.0,0.0,0.0,0.0,0.0,18.588626861572266,0.0,0.0,0.0,0.0,0.0,0.0,25.715255737304688,0.0,9.162373542785645,0.0,0.0,16.35907745361328,0.0,0.0,11.816385269165039,0.0,4,4
129,0.0,0.0,0.0,23.842073440551758,0.0,8.792622566223145,0.0,0.0,0.0,0.0,0.0,26.319608688354492,0.0,1.1821812391281128,28.189340591430664,0.0,0.0,0.0,13.290131568908691,0.0,0.0,0.0,0.0,0.0,8.51708984375,0.0,19.841856002807617,0.0,0.7208685874938965,0.8747711777687073,0.0,0.0,0.0,0.0,0.0,0.0,0.0,8.941741943359375,0.0,0.0,0.0,0.0,0.0,0.0,24.011093139648438,0.0,22.8267879486084,0.0,0.0,22.8424072265625,0.0,0.0,0.0,0.0,0,0
130,0.0,24.719926834106445,0.0,17.94040298461914,4.508530139923096,8.78725528717041,0.0,0.0,0.0,0.0,0.0,0.0,5.830967426300049,0.0,36.70613098144531,0.0,0.0,0.0,3.804562568664551,0.0,0.0,0.0,0.0,0.0,22.425762176513672,0.0,23.00460433959961,0.0,0.0,3.284381866455078,0.0,0.0,0.0,0.0,0.0,0.0,0.0,13.510629653930664,0.0,0.0,0.0,0.0,0.0,0.0,40.5067253112793,0.0,12.90583324432373,0.0,0.0,21.779212951660156,0.0,0.0,36.893795013427734,0.0,6,5
131,0.0,3.5638327598571777,0.0,22.815927505493164,0.0,16.649255752563477,0.0,0.0,0.0,0.0,0.0,13.214351654052734,0.0,0.0,32.38885498046875,0.0,0.0,1.69798743724823,23.706398010253906,2.5837748050689697,0.0,0.0,0.0,0.0,18.57229995727539,0.0,24.531646728515625,0.0,0.0,2.7157440185546875,0.0,0.0,0.0,0.0,0.0,0.0,0.0,25.814956665039062,0.0,0.0,0.0,0.0,0.0,0.0,26.39111328125,0.0,7.50935697555542,0.0,0.0,11.947798728942871,0.0,0.0,27.795747756958008,0.0,4,4
132,0.0,0.0,0.0,10.453189849853516,8.84331226348877,0.0,0.0,0.0,0.0,0.0,6.327686786651611,0.0,0.0,0.0,8.025863647460938,0.0,0.0,0.0,0.0,0.0,0.0,0.0,0.0,0.0,10.73319149017334,0.0,26.272371292114258,19.44989776611328,0.0,0.0,0.0,0.0,0.0,0.0,0.0,0.0,0.0,41.854557037353516,0.0,0.0,0.0,0.0,0.0,0.0,7.321712970733643,0.0,16.693599700927734,0.0,0.0,25.85415267944336,0.0,0.0,19.7227840423584,0.0,6,7
133,0.0,0.0,0.0,4.841944694519043,21.566267013549805,0.0,0.0,0.0,0.0,0.0,0.0,2.269794464111328,3.9993350505828857,0.0,29.205163955688477,0.0,3.2855887413024902,0.0,0.0,0.0,0.0,0.0,0.0,0.0,25.161880493164062,0.0,23.919206619262695,10.576827049255371,0.0,0.0,0.0,0.0,0.0,0.0,0.0,0.0,0.0,40.44655227661133,0.0,0.0,0.0,0.0,0.0,0.0,24.926509857177734,0.0,22.323457717895508,0.0,0.0,26.858366012573242,0.0,0.0,43.155033111572266,0.0,6,6
134,0.0,0.0,0.0,7.816685199737549,2.4973185062408447,0.0,0.0,0.0,0.0,0.0,0.0,0.0,2.5101001262664795,1.9946717023849487,7.682611465454102,0.0,0.0,0.0,0.0,0.0,0.0,0.0,0.0,0.0,2.9865834712982178,0.0,9.435201644897461,4.586374759674072,0.0,0.0,0.0,0.0,0.0,0.0,0.0,0.0,0.0,12.471209526062012,0.0,0.0,0.0,0.0,0.0,0.0,13.134085655212402,0.0,11.898904800415039,0.0,0.0,17.211467742919922,0.0,0.0,14.182361602783203,0.0,5,5
135,0.0,0.0,0.0,9.703657150268555,19.549880981445312,0.0,26.124141693115234,0.0,0.0,1.8662341833114624,0.0,6.567342758178711,0.0,0.0,17.43073081970215,0.0,26.25836944580078,0.0,0.0,0.0,0.0,0.0,0.0,0.0,7.991291046142578,0.0,23.367511749267578,26.542800903320312,0.0,0.0,0.0,0.0,0.0,0.0,0.0,0.0,0.0,28.149330139160156,0.0,0.0,0.0,0.0,0.0,0.0,4.326249122619629,0.0,19.3280029296875,0.0,0.0,21.587045669555664,0.0,0.0,26.636362075805664,14.526636123657227,2,2
136,0.0,0.0,0.0,12.862367630004883,0.0,1.920921802520752,4.523116111755371,0.0,0.0,0.0,5.500363349914551,7.927725315093994,0.0,5.97634220123291,19.102153778076172,0.0,0.0,0.0,0.0,0.0,0.0,0.0,0.0,0.0,2.4717767238616943,0.0,10.611809730529785,0.0,1.5136923789978027,0.0,0.0,0.0,0.0,0.0,0.0,0.0,0.0,0.9901261329650879,0.0,0.0,0.0,0.0,0.0,0.0,15.278261184692383,0.0,24.295557022094727,0.0,0.0,25.540660858154297,0.0,0.0,0.3309844732284546,0.0,1,1
137,0.0,0.6044704914093018,0.0,8.150920867919922,0.0,0.7745928764343262,0.0,0.0,0.0,0.0,0.0,0.0,2.198080062866211,0.0,9.948168754577637,0.0,0.0,0.0,0.0,0.0,0.0,0.0,0.0,0.0,3.564410448074341,0.0,7.773805141448975,0.36653491854667664,0.0,0.0,0.0,0.0,0.0,0.0,0.0,0.0,0.0,3.863645553588867,0.0,0.0,0.0,0.0,0.0,0.0,12.109869956970215,0.0,9.231917381286621,0.0,0.0,15.516693115234375,0.0,0.0,10.711395263671875,0.0,5,5
138,0.0,0.0,0.0,31.783287048339844,0.0,0.0,6.12676477432251,0.0,0.0,0.0,0.0,12.435503005981445,0.0,0.0,0.0,0.0,2.8091659545898438,0.0,0.0,0.0,0.0,0.0,0.0,0.0,15.528557777404785,0.0,34.89638900756836,36.712554931640625,0.0,0.0,0.0,0.0,0.0,0.0,0.0,0.0,0.0,55.194664001464844,0.0,0.0,0.0,0.0,0.0,0.0,0.6199055910110474,0.0,17.406238555908203,0.0,0.0,32.218658447265625,0.0,0.0,10.09815788269043,12.085948944091797,7,7
139,0.0,0.0,0.0,23.33629035949707,0.0,0.0,13.829132080078125,0.0,0.0,0.0,0.0,2.3201732635498047,0.0,0.0,0.819252073764801,0.0,14.072196006774902,0.0,0.0,0.0,0.0,0.0,0.0,0.0,18.88454818725586,0.0,26.095529556274414,37.95189666748047,2.5232176780700684,0.0,0.0,0.0,0.0,0.0,0.0,0.0,0.0,65.29215240478516,0.0,0.0,0.0,0.0,0.0,0.0,1.273598313331604,0.0,17.753572463989258,0.0,0.0,34.209896087646484,0.0,0.0,22.613039016723633,1.3871703147888184,7,7
140,0.0,19.635560989379883,0.0,15.163082122802734,25.63440704345703,11.781147956848145,0.0,0.0,0.0,0.0,4.205178260803223,0.0,18.359251022338867,4.3455095291137695,29.77569007873535,0.0,0.0,0.0,0.0,0.0,0.0,0.0,0.0,0.0,24.606510162353516,0.0,15.967352867126465,0.0,0.0,0.0,0.0,0.0,0.0,0.0,0.0,0.0,0.0,2.785499095916748,0.0,0.0,0.0,0.0,0.0,0.0,38.471466064453125,0.0,16.510011672973633,0.0,0.0,30.49967384338379,0.0,0.0,46.22109603881836,0.0,5,5
141,0.0,3.342257022857666,0.0,27.94560432434082,0.0,21.102937698364258,0.0,0.0,0.0,0.0,0.0,17.6750545501709,0.0,0.0,36.39897918701172,0.0,0.0,1.8990415334701538,27.236886978149414,5.241893291473389,0.0,0.0,0.0,0.0,20.012937545776367,0.0,27.449764251708984,0.0,0.0,3.175891876220703,0.0,0.0,0.0,0.0,0.0,0.0,0.0,28.316579818725586,0.0,0.0,0.0,0.0,0.0,0.0,29.39986801147461,0.0,9.056343078613281,0.0,0.0,11.528363227844238,0.0,0.0,28.222497940063477,0.0,4,4
142,0.0,0.0,0.0,22.201732635498047,0.0,6.27531099319458,0.0,0.0,0.0,0.0,0.0,24.587692260742188,0.0,2.46695613861084,26.12027931213379,0.0,0.0,0.0,10.172128677368164,0.0,0.0,0.0,0.0,0.0,7.850004196166992,0.0,17.778682708740234,0.0,1.7433724403381348,0.0,0.0,0.0,0.0,0.0,0.0,0.0,0.0,6.198729515075684,0.0,0.0,0.0,0.0,0.0,0.0,22.825000762939453,0.0,23.593130111694336,0.0,0.0,22.848644256591797,0.0,0.0,0.0,0.0,0,0
143,0.0,0.0,0.0,9.511764526367188,11.435457229614258,0.0,0.0,0.0,0.0,0.0,5.8781867027282715,0.0,0.0,0.0,10.935102462768555,0.0,0.5361244678497314,0.0,0.0,0.0,0.0,0.0,0.0,0.0,10.257864952087402,0.0,23.13010597229004,13.957845687866211,0.0,0.0,0.0,0.0,0.0,0.0,0.0,0.0,0.0,32.048492431640625,0.0,0.0,0.0,0.0,0.0,0.0,11.460448265075684,0.0,16.653871536254883,0.0,0.0,22.87900161743164,0.0,0.0,23.29570198059082,0.0,7,6
144,0.0,0.0,0.0,12.292821884155273,20.940568923950195,0.0,37.9582405090332,0.0,0.0,1.7415317296981812,0.0,11.365571975708008,0.0,0.0,25.482755661010742,0.0,27.835777282714844,0.0,0.0,0.0,0.0,0.0,0.0,0.0,42.143165588378906,0.0,22.773916244506836,57.96626281738281,14.966705322265625,14.48546028137207,0.0,24.102584838867188,0.0,0.0,0.0,0.0,0.0,73.80043029785156,0.0,0.0,0.0,0.0,0.0,0.0,9.195402145385742,0.0,41.19497299194336,0.0,0.0,49.568111419677734,0.0,0.0,53.82861328125,0.0,3,3
145,0.0,0.0,0.0,16.475826263427734,13.01594352722168,0.0,25.362668991088867,0.0,0.0,0.0,0.0,4.576310634613037,0.0,0.0,11.10589599609375,0.0,24.126972198486328,0.0,0.0,0.0,0.0,0.0,0.0,0.0,10.066751480102539,0.0,25.934553146362305,28.896427154541016,0.0,0.0,0.0,0.0,0.0,0.0,0.0,0.0,0.0,32.87589645385742,0.0,0.0,0.0,0.0,0.0,0.0,2.012502670288086,0.0,18.447072982788086,0.0,0.0,23.81730079650879,0.0,0.0,21.1783390045166,15.550368309020996,2,2
146,0.0,3.8629305362701416,0.0,9.260052680969238,7.4945220947265625,2.7825188636779785,0.0,0.0,0.0,0.0,0.0,0.0,2.7171790599823,0.0,15.20585823059082,0.0,0.0,0.0,0.0,0.0,0.0,0.0,0.0,0.0,9.789154052734375,0.0,11.619086265563965,0.0674101859331131,0.0,0.0,0.0,0.0,0.0,0.0,0.0,0.0,0.0,14.30532455444336,0.0,0.0,0.0,0.0,0.0,0.0,17.185867309570312,0.0,10.68695068359375,0.0,0.0,17.127166748046875,0.0,0.0,22.48326301574707,0.0,5,5
147,0.0,0.0,0.0,11.054191589355469,13.124125480651855,0.0,0.0,0.0,0.0,0.0,0.0,6.402507305145264,0.0,0.0,28.177770614624023,0.0,3.916069984436035,0.0,0.0,0.0,0.0,0.0,0.0,0.0,26.28014373779297,0.0,27.470735549926758,23.04751968383789,0.0,0.0,0.0,0.0,0.0,0.0,0.0,0.0,0.0,54.164608001708984,0.0,0.0,0.0,0.0,0.0,0.0,25.52195167541504,0.0,30.207679748535156,0.0,0.0,31.039352416992188,0.0,0.0,49.26459884643555,0.0,6,6
148,0.0,6.978863716125488,0.0,16.421920776367188,0.0,7.590917587280273,0.0,0.0,0.0,0.0,0.0,0.0,1.5969802141189575,0.0,19.957773208618164,0.0,0.0,0.0,0.0,0.0,0.0,0.0,0.0,0.0,7.92927360534668,0.0,14.814778327941895,0.0,0.0,0.0,0.0,0.0,0.0,0.0,0.0,0.0,0.0,7.946200370788574,0.0,0.0,0.0,0.0,0.0,0.0,22.385658264160156,0.0,11.850109100341797,0.0,0.0,23.252500534057617,0.0,0.0,19.950973510742188,0.0,5,5
149,0.0,0.0,0.0,13.235694885253906,20.103811264038086,0.0,39.38218307495117,0.0,0.0,0.5066455602645874,0.0,11.411680221557617,0.0,0.0,24.548276901245117,0.0,28.207767486572266,0.0,0.0,0.0,0.0,0.0,0.0,0.0,42.842708587646484,0.0,23.004898071289062,59.1196174621582,15.590832710266113,15.945417404174805,0.0,25.536632537841797,0.0,0.0,0.0,0.0,0.0,74.87794494628906,0.0,0.0,0.0,0.0,0.0,0.0,9.14136028289795,0.0,41.96533966064453,0.0,0.0,50.43751907348633,0.0,0.0,53.91865539550781,0.0,3,3
150,0.0,0.0,0.0,29.067155838012695,0.0,7.586798191070557,0.0,0.0,0.0,0.0,0.0,30.336748123168945,0.0,0.0,30.335166931152344,0.0,0.0,0.0,20.8232364654541,0.0,0.0,0.0,0.0,0.0,8.627925872802734,0.0,24.497915267944336,0.0,0.0,2.640077590942383,0.0,0.0,0.0,0.0,0.0,0.0,0.0,17.94985580444336,0.0,0.0,0.0,0.0,0.0,0.0,28.099462509155273,0.0,14.987586975097656,0.0,0.0,22.585363388061523,0.0,0.0,5.676778316497803,0.0,0,0
151,0.0,0.0,0.0,30.108409881591797,0.0,14.903265953063965,0.0,0.0,0.0,0.0,0.0,20.54953384399414,0.0,0.0,35.806304931640625,0.0,0.0,0.0,19.73390769958496,0.0,0.0,0.0,0.0,0.0,12.69534683227539,0.0,23.779584884643555,0.0,0.0,3.005878448486328,0.0,0.0,0.0,0.0,0.0,0.0,0.0,20.310075759887695,0.0,0.0,0.0,0.0,0.0,0.0,27.379772186279297,0.0,12.094684600830078,0.0,0.0,18.986217498779297,0.0,0.0,19.386117935180664,0.0,4,4
152,0.0,3.697288990020752,0.0,6.288027763366699,32.25832748413086,1.9872994422912598,0.0,0.0,0.0,0.0,4.058587074279785,0.0,10.787145614624023,0.2260369509458542,26.847061157226562,0.0,1.1189117431640625,0.0,2.027308464050293,0.0,0.0,0.0,0.0,0.0,25.90958595275879,0.0,20.855300903320312,4.317299842834473,0.0,0.0,0.0,0.0,0.0,0.0,0.0,0.0,0.0,24.723079681396484,0.0,0.0,0.0,0.0,0.0,0.0,30.00998306274414,0.0,21.717302322387695,0.0,0.0,33.2679328918457,0.0,0.0,50.43193054199219,0.0,5,5
153,0.0,0.0,0.0,8.231335639953613,0.0,0.0,0.0,0.0,0.0,0.0,0.0,0.0,0.0,0.0,13.003482818603516,0.0,7.75767707824707,0.0,0.0,0.0,0.0,0.0,0.0,0.0,12.972936630249023,0.0,19.751680374145508,20.94426727294922,0.0,1.0461064577102661,0.0,4.911704063415527,0.0,0.0,0.0,0.0,0.0,39.96914291381836,0.0,0.0,0.0,0.0,0.0,0.0,14.00005054473877,0.0,22.106243133544922,0.0,0.0,22.036048889160156,0.0,0.0,28.365924835205078,0.0,6,6
154,0.0,3.298701763153076,0.0,6.084972381591797,31.58304786682129,1.864671230316162,0.0,0.0,0.0,0.0,4.7287445068359375,0.0,10.549293518066406,0.2674493193626404,25.774038314819336,0.0,1.0581960678100586,0.0,1.9478024244308472,0.0,0.0,0.0,0.0,0.0,24.942893981933594,0.0,19.851083755493164,3.6826469898223877,0.0,0.0,0.0,0.0,0.0,0.0,0.0,0.0,0.0,23.649274826049805,0.0,0.0,0.0,0.0,0.0,0.0,28.70789337158203,0.0,20.60759162902832,0.0,0.0,32.49101257324219,0.0,0.0,48.27947235107422,0.0,5,5
155,0.0,0.0,0.0,11.753643989562988,4.65159797668457,0.0,0.0,0.0,0.0,0.0,2.4590940475463867,0.0,0.0,0.0,6.906864166259766,0.0,0.0,0.0,0.0,0.0,0.0,0.0,0.0,0.0,10.438188552856445,0.0,23.42133331298828,14.956609725952148,0.0,0.0,0.0,0.0,0.0,0.0,0.0,0.0,0.0,35.43649673461914,0.0,0.0,0.0,0.0,0.0,0.0,10.964653968811035,0.0,15.648971557617188,0.0,0.0,23.626209259033203,0.0,0.0,21.339160919189453,0.0,7,7
156,0.0,0.0,0.0,11.465805053710938,9.192347526550293,2.350416660308838,0.0,0.0,0.0,0.0,0.0,0.0,4.5940632820129395,9.66917896270752,27.116844177246094,0.0,0.0,0.0,0.0,0.0,0.0,0.0,0.0,0.0,16.087369918823242,0.0,9.994025230407715,6.600213527679443,0.0,0.0,0.0,0.0,0.0,0.0,0.0,0.0,0.0,17.82373809814453,0.0,0.0,0.0,0.0,0.0,0.0,23.90050506591797,0.0,17.948734283447266,0.0,0.0,28.94089698791504,0.0,0.0,30.77918243408203,0.0,5,5
157,0.0,0.0,0.0,8.630443572998047,12.33385944366455,0.0,0.0,0.0,0.0,0.0,0.0,5.1268463134765625,0.0,0.0,24.765371322631836,0.0,5.600634574890137,0.0,0.0,0.0,0.0,0.0,0.0,0.0,24.127784729003906,0.0,26.275999069213867,22.712139129638672,0.0,0.0,0.0,0.0,0.0,0.0,0.0,0.0,0.0,50.33955764770508,0.0,0.0,0.0,0.0,0.0,0.0,23.26195526123047,0.0,27.732622146606445,0.0,0.0,30.124404907226562,0.0,0.0,46.34197998046875,0.0,6,6
158,0.0,0.0,0.0,12.132648468017578,0.0,1.6592955589294434,4.989577770233154,0.0,0.0,0.0,7.0197553634643555,5.784684658050537,0.0,6.2967329025268555,16.83642578125,0.0,0.0,0.0,0.0,0.0,0.0,0.0,0.0,0.0,2.5823380947113037,0.0,8.843674659729004,0.0,0.0,0.0,0.0,0.0,0.0,0.0,0.0,0.0,0.0,0.32154417037963867,0.0,0.0,0.0,0.0,0.0,0.0,14.2982816696167,0.0,22.855159759521484,0.0,0.0,25.000919342041016,0.0,0.0,1.316320776939392,0.0,1,1
159,0.0,0.0,0.0,23.753028869628906,0.0,7.531666278839111,0.0,0.0,0.0,0.0,0.0,26.566274642944336,0.0,1.3398808240890503,27.26485824584961,0.0,0.0,0.0,12.99622917175293,0.0,0.0,0.0,0.0,0.0,8.471792221069336,0.0,19.28879737854004,0.0,0.396298885345459,0.9147854447364807,0.0,0.0,0.0,0.0,0.0,0.0,0.0,8.855964660644531,0.0,0.0,0.0,0.0,0.0,0.0,23.913448333740234,0.0,22.03403663635254,0.0,0.0,22.34366798400879,0.0,0.0,0.004945159424096346,0.0,0,0
160,0.0,0.0,0.0,11.639265060424805,21.26657485961914,0.0,37.32632064819336,0.0,0.0,1.3029597997665405,0.0,11.201271057128906,0.0,0.0,25.68918228149414,0.0,27.768157958984375,0.0,0.0,0.0,0.0,0.0,0.0,0.0,41.813499450683594,0.0,22.512004852294922,57.19340896606445,14.603909492492676,13.961376190185547,0.0,24.233415603637695,0.0,0.0,0.0,0.0,0.0,73.60538482666016,0.0,0.0,0.0,0.0,0.0,0.0,9.437280654907227,0.0,41.086910247802734,0.0,0.0,48.95075607299805,0.0,0.0,53.72490310668945,0.0,3,3
161,0.0,1.990781307220459,0.0,7.2579522132873535,19.407360076904297,0.0,0.0,0.0,0.0,0.0,0.3574167788028717,0.0,7.891879558563232,0.0,26.03969383239746,0.0,0.30549386143684387,0.0,0.0,0.0,0.0,0.0,0.0,0.0,19.674388885498047,0.0,19.131267547607422,5.772385120391846,0.0,0.0,0.0,0.0,0.0,0.0,0.0,0.0,0.0,30.18868637084961,0.0,0.0,0.0,0.0,0.0,0.0,23.660770416259766,0.0,16.548931121826172,0.0,0.0,22.948339462280273,0.0,0.0,36.90373611450195,0.0,5,5
162,0.0,0.0,0.0,30.004226684570312,0.0,19.850688934326172,0.0,0.0,0.0,0.0,0.0,20.506994247436523,0.0,0.0,35.23149490356445,0.0,0.0,0.0,26.548091888427734,0.0,0.0,0.0,0.0,0.0,13.381305694580078,0.0,30.038049697875977,0.0,0.0,2.0509395599365234,0.0,0.0,0.0,0.0,0.0,0.0,0.0,20.83509063720703,0.0,0.0,0.0,0.0,0.0,0.0,27.88728141784668,0.0,10.926494598388672,0.0,0.0,17.911605834960938,0.0,0.0,12.16800308227539,0.0,4,4
163,0.0,0.0,0.0,28.12920379638672,0.0,6.159265995025635,0.0,0.0,0.0,0.0,0.0,31.011119842529297,0.0,0.0,29.43328285217285,0.0,0.0,0.0,19.41425323486328,0.0,0.0,0.0,0.0,0.0,9.062660217285156,0.0,21.96400260925293,0.0,0.0,3.3176727294921875,0.0,0.0,0.0,0.0,0.0,0.0,0.0,15.77304458618164,0.0,0.0,0.0,0.0,0.0,0.0,27.242374420166016,0.0,17.129180908203125,0.0,0.0,23.165691375732422,0.0,0.0,3.7580599784851074,0.0,0,0
164,0.0,2.980370044708252,0.0,14.413907051086426,0.0,6.061975002288818,0.0,0.0,0.0,0.0,0.0,0.0,0.0,0.0,19.01802635192871,0.0,0.0,0.0,0.0,0.0,0.0,0.0,0.0,0.0,7.357929229736328,0.0,15.989108085632324,0.0,0.0,0.21161849796772003,0.0,0.0,0.0,0.0,0.0,0.0,0.0,7.473282814025879,0.0,0.0,0.0,0.0,0.0,0.0,18.91611099243164,0.0,10.6949462890625,0.0,0.0,21.690322875976562,0.0,0.0,18.179792404174805,0.0,5,5
165,0.0,0.0,0.0,29.293685913085938,0.0,19.258758544921875,0.0,0.0,0.0,0.0,0.0,20.712465286254883,0.0,0.0,34.05751037597656,0.0,0.0,0.0,25.377004623413086,0.0,0.0,0.0,0.0,0.0,12.689794540405273,0.0,29.14005470275879,0.0,0.0,0.9617329239845276,0.0,0.0,0.0,0.0,0.0,0.0,0.0,19.77391242980957,0.0,0.0,0.0,0.0,0.0,0.0,27.22551727294922,0.0,10.567485809326172,0.0,0.0,17.808090209960938,0.0,0.0,11.463706970214844,0.0,4,4
166,0.0,0.0,0.0,23.433090209960938,0.0,0.0,0.0,0.0,0.0,0.0,0.0,0.1543383002281189,0.0,0.0,0.0,0.0,0.0,0.0,0.0,0.0,0.0,0.0,0.0,0.0,11.073230743408203,0.0,30.765134811401367,25.409591674804688,0.0,0.0,0.0,0.0,0.0,0.0,0.0,0.0,0.0,49.454097747802734,0.0,0.0,0.0,0.0,0.0,0.0,5.480409622192383,0.0,14.334299087524414,0.0,0.0,31.156858444213867,0.0,0.0,13.602641105651855,2.0422005653381348,7,7
167,0.0,0.0,0.0,12.221199989318848,17.823862075805664,0.0,27.86310386657715,0.0,0.0,1.7599776983261108,0.0,7.031703472137451,0.0,0.0,15.330838203430176,0.0,27.965686798095703,0.0,0.0,0.0,0.0,0.0,0.0,0.0,8.562341690063477,0.0,25.714067459106445,28.457447052001953,0.0,0.0,0.0,0.0,0.0,0.0,0.0,0.0,0.0,30.868053436279297,0.0,0.0,0.0,0.0,0.0,0.0,2.353938102722168,0.0,19.647127151489258,0.0,0.0,22.42722511291504,0.0,0.0,25.0634765625,16.90087890625,2,2
168,0.0,0.0,0.0,8.290821075439453,0.8738406896591187,0.0,2.8976051807403564,0.0,0.0,0.0,3.45853590965271,0.0,3.154879331588745,6.357540607452393,8.059677124023438,0.0,0.0,0.0,0.0,0.0,0.0,0.0,0.0,0.0,0.0,0.0,4.368592262268066,2.0228493213653564,0.0,0.0,0.0,0.0,0.0,0.0,0.0,0.0,0.0,2.2816383838653564,0.0,0.0,0.0,0.0,0.0,0.0,10.3287992477417,0.0,12.986705780029297,0.0,0.0,19.431804656982422,0.0,0.0,4.140941143035889,0.0,1,1
169,0.0,0.0,0.0,25.449058532714844,0.0,18.732295989990234,0.0,0.0,0.0,0.0,0.0,24.809982299804688,0.0,0.0,31.674209594726562,0.0,0.0,0.0,31.818166732788086,0.6461865305900574,0.0,0.0,0.0,0.0,10.790882110595703,0.0,26.081924438476562,0.0,0.0,3.550912857055664,0.0,0.0,0.0,0.0,0.0,0.0,0.0,29.74209976196289,0.0,0.0,0.0,0.0,0.0,0.0,24.508338928222656,0.0,8.62861156463623,0.0,0.0,14.290042877197266,0.0,0.0,14.71017074584961,0.0,4,4
170,0.0,0.0,0.0,31.725269317626953,0.0,21.4473876953125,0.0,0.0,0.0,0.0,0.0,19.6058292388916,0.0,0.0,37.009315490722656,0.0,0.0,0.0,26.253847122192383,0.0,0.0,0.0,0.0,0.0,14.28355598449707,0.0,32.16611099243164,0.0,0.0,0.7932129502296448,0.0,0.0,0.0,0.0,0.0,0.0,0.0,20.877857208251953,0.0,0.0,0.0,0.0,0.0,0.0,29.287565231323242,0.0,10.892723083496094,0.0,0.0,18.583585739135742,0.0,0.0,13.53404712677002,0.0,4,4
171,0.0,0.0,0.0,17.17278480529785,11.162274360656738,0.0,25.88755989074707,0.0,0.0,0.16780127584934235,0.0,6.031633377075195,0.0,0.0,8.096002578735352,0.0,24.977977752685547,0.0,0.0,0.0,0.0,0.0,0.0,0.0,9.791849136352539,0.0,26.390396118164062,29.985729217529297,0.19259239733219147,0.0,0.0,0.0,0.0,0.0,0.0,0.0,0.0,34.92408752441406,0.0,0.0,0.0,0.0,0.0,0.0,0.0,0.0,17.842941284179688,0.0,0.0,23.083660125732422,0.0,0.0,20.145601272583008,17.79549789428711,2,2
172,0.0,0.0,0.0,14.090087890625,0.0,8.71295166015625,0.0,0.0,0.0,0.0,0.0,9.303108215332031,0.0,0.0,21.07917594909668,0.0,0.0,0.0,18.93293571472168,0.0,0.0,0.0,0.0,0.0,12.220605850219727,0.0,16.50968360900879,0.0,0.0,0.0,0.0,0.0,0.0,0.0,0.0,0.0,0.0,17.768722534179688,0.0,0.0,0.0,0.0,0.0,0.0,18.934545516967773,0.0,6.336432456970215,0.0,0.0,12.437806129455566,0.0,0.0,19.07914161682129,0.0,4,4
173,0.0,14.779827117919922,0.0,11.554256439208984,4.158121585845947,5.079416751861572,0.0,0.0,0.0,0.0,0.0,0.0,6.544180870056152,0.0,22.57476806640625,0.0,0.0,0.0,1.9105132818222046,0.0,0.0,0.0,0.0,0.0,16.872528076171875,0.0,15.703856468200684,0.0,0.0,0.0,0.0,0.0,0.0,0.0,0.0,0.0,0.0,8.900797843933105,0.0,0.0,0.0,0.0,0.0,0.0,28.116336822509766,0.0,8.91043758392334,0.0,0.0,19.093168258666992,0.0,0.0,25.884119033813477,0.0,5,5
174,0.0,1.7511963844299316,0.0,7.108096122741699,18.790311813354492,0.0,0.0,0.0,0.0,0.0,0.0,0.0,7.697158336639404,0.0,25.830547332763672,0.0,0.18891383707523346,0.0,0.0,0.0,0.0,0.0,0.0,0.0,19.116641998291016,0.0,19.17723274230957,6.074037075042725,0.0,0.0,0.0,0.0,0.0,0.0,0.0,0.0,0.0,30.48171615600586,0.0,0.0,0.0,0.0,0.0,0.0,23.192129135131836,0.0,16.44375991821289,0.0,0.0,22.857908248901367,0.0,0.0,37.02485275268555,0.0,5,5
175,0.0,0.0,0.0,13.113279342651367,19.59923553466797,0.0,36.442813873291016,0.0,0.0,0.0,0.0,10.515888214111328,0.0,0.0,24.458927154541016,0.0,25.91510581970215,0.0,0.0,0.0,0.0,0.0,0.0,0.0,42.014122009277344,0.0,21.85135841369629,57.36580276489258,14.215356826782227,15.39065170288086,0.0,25.543174743652344,0.0,0.0,0.0,0.0,0.0,73.56985473632812,0.0,0.0,0.0,0.0,0.0,0.0,10.606176376342773,0.0,40.79084777832031,0.0,0.0,49.835044860839844,0.0,0.0,52.51393508911133,0.0,3,3
176,0.0,0.0,0.0,18.454151153564453,0.0,7.37212610244751,0.0,0.0,0.0,0.0,0.0,19.85393714904785,0.0,2.00766658782959,24.946874618530273,0.0,0.0,0.0,17.54682159423828,0.0,0.0,0.0,0.0,0.0,8.235405921936035,0.0,17.938724517822266,0.0,0.0,0.0,0.0,0.0,0.0,0.0,0.0,0.0,0.0,13.873424530029297,0.0,0.0,0.0,0.0,0.0,0.0,20.872779846191406,0.0,13.22976303100586,0.0,0.0,18.736042022705078,0.0,0.0,9.41161060333252,0.0,4,0
177,0.0,0.0,0.0,9.486455917358398,13.05412483215332,0.0,0.0,0.0,0.0,0.0,0.0,6.147364616394043,0.0,0.0,26.611568450927734,0.0,3.2268176078796387,0.0,0.0,0.0,0.0,0.0,0.0,0.0,23.217058181762695,0.0,25.882587432861328,21.63146209716797,0.0,0.0,0.0,0.0,0.0,0.0,0.0,0.0,0.0,51.51993942260742,0.0,0.0,0.0,0.0,0.0,0.0,22.864961624145508,0.0,27.671016693115234,0.0,0.0,28.956384658813477,0.0,0.0,45.98623275756836,0.0,6,6
178,0.0,0.0,0.0,8.539437294006348,11.577080726623535,0.0,0.0,0.0,0.0,0.0,0.0,4.91850471496582,0.0,0.0,23.376367568969727,0.0,3.783085346221924,0.0,0.0,0.0,0.0,0.0,0.0,0.0,23.549949645996094,0.0,25.197254180908203,21.925474166870117,0.0,0.0,0.0,0.0,0.0,0.0,0.0,0.0,0.0,50.13607406616211,0.0,0.0,0.0,0.0,0.0,0.0,22.186595916748047,0.0,26.737655639648438,0.0,0.0,28.749958038330078,0.0,0.0,44.79517364501953,0.0,6,6
179,0.0,0.0,0.0,12.40821647644043,0.0,0.8818917274475098,4.534111022949219,0.0,0.0,0.0,6.809454441070557,6.253932476043701,0.0,6.224189758300781,16.730628967285156,0.0,0.0,0.0,0.0,0.0,0.0,0.0,0.0,0.0,2.580251455307007,0.0,8.838930130004883,0.0,0.0,0.0,0.0,0.0,0.0,0.0,0.0,0.0,0.0,0.3996124267578125,0.0,0.0,0.0,0.0,0.0,0.0,14.333316802978516,0.0,22.78985023498535,0.0,0.0,25.090003967285156,0.0,0.0,1.4852174520492554,0.0,1,1
